{"bbox": [641489.3559999997, 19427.315999999642, 644772.8558999998, 22566.52749999985], "type": "FeatureCollection", "features": [{"type": "Feature", "properties": {"Name": "A", "SHAPE_Le_1": 893.318735344, "Per_pr_sqm": 0.0, "Shape_Leng": 81468.3466975, "Shape_Area": 4192091.44812}, "geometry": {"type": "MultiPolygon", "coordinates": [[[[643079.6278999997, 19607.809000000358], [642953.8427999998, 19427.315999999642], [642855.4167, 19495.963300000876], [642981.2017999999, 19676.45629999973], [643079.6278999997, 19607.809000000358]]], [[[642973.0021000002, 19682.17610000074], [642847.2170000002, 19501.683100000024], [642748.7907999996, 19570.330399999395], [642874.5758999996, 19750.82340000011], [642973.0021000002, 19682.17610000074]]], [[[643187.5937000001, 19604.16909999959], [643153.5351, 19564.04069999978], [643117.9265000001, 19588.129699999467], [643074.1782, 19621.51840000041], [643032.0998, 19652.68720000051], [643003.7209000001, 19674.686400000006], [642999.0411, 19678.8861999996], [642987.3614999996, 19682.096100000665], [643004.0509000001, 19704.53519999981], [643041.8893999998, 19752.753299999982], [643051.7889999999, 19765.90279999934], [643085.7377000004, 19742.463700000197], [643159.8748000003, 19689.955800000578], [643219.0925000003, 19643.297599999234], [643187.5937000001, 19604.16909999959]]], [[[642866.3761999998, 19756.543199999258], [642740.5910999998, 19576.06020000018], [642642.165, 19644.707499999553], [642767.9501, 19825.20050000027], [642866.3761999998, 19756.543199999258]]], [[[643269.0606000004, 19700.015399999917], [643221.3224, 19648.7173999995], [643202.1732000001, 19661.886900000274], [643156.5350000001, 19699.795399999246], [643121.4663000004, 19725.11439999938], [643053.7989999996, 19771.31259999983], [643083.6178000001, 19801.061499999836], [643099.2072000001, 19821.400699999183], [643104.7769999998, 19835.330099999905], [643116.0065000001, 19851.699500000104], [643188.3636999996, 19797.531600000337], [643243.4616, 19755.863199999556], [643285.6498999996, 19723.02449999936], [643279.9702000003, 19716.384800000116], [643269.0606000004, 19700.015399999917]]], [[[642759.7504000003, 19830.920299999416], [642633.9653000003, 19650.427300000563], [642535.5390999997, 19719.074699999765], [642661.3241999997, 19899.56760000065], [642759.7504000003, 19830.920299999416]]], [[[643292.9896, 19729.214299999177], [643289.9797999999, 19728.214299999177], [643279.5301999999, 19735.73399999924], [643233.5520000001, 19769.672700000927], [643205.2830999997, 19790.34190000035], [643133.2659, 19846.05969999917], [643124.5762, 19853.57939999923], [643137.5957000004, 19871.82870000042], [643182.3438999997, 19927.876499999315], [643192.4636000004, 19935.51620000042], [643200.9232000001, 19928.876499999315], [643212.1727999998, 19922.026799999177], [643225.3022999996, 19917.4868999999], [643256.4710999997, 19885.208200000226], [643281.4101, 19867.85889999941], [643306.3391000004, 19848.949599999934], [643340.1777999997, 19825.840500000864], [643347.6375000002, 19820.4207000006], [643352.8673, 19812.571000000462], [643349.3075000001, 19806.721200000495], [643329.6182000004, 19777.75239999965], [643311.4589, 19757.083200000226], [643292.9896, 19729.214299999177]]], [[[642653.1244999999, 19905.287399999797], [642527.3393999999, 19724.794399999082], [642428.9133000001, 19793.441800000146], [642554.6984000001, 19973.93469999917], [642653.1244999999, 19905.287399999797]]], [[[643125.9061000003, 19866.628900000826], [643119.4563999996, 19858.999199999496], [643113.8965999996, 19861.639100000262], [643104.9869999997, 19867.39890000038], [643101.3170999996, 19871.818700000644], [643090.1875, 19877.23850000091], [643063.4686000003, 19896.467700000852], [643039.9895000001, 19914.826999999583], [643012.6005999995, 19936.496200000867], [642971.3021999998, 19967.115000000224], [642956.5027000001, 19977.944599999115], [642954.5027999999, 19979.93449999951], [642953.1628999999, 19983.36439999938], [642953.3828999996, 19989.664100000635], [642984.2216999996, 20033.56240000017], [643012.1506000003, 20070.70099999942], [643027.7300000004, 20058.661399999633], [643065.0185000002, 20028.81259999983], [643094.9572999999, 20005.373500000685], [643104.2070000004, 19998.303799999878], [643119.3464000002, 19987.134199999273], [643134.3657999998, 19974.864700000733], [643145.1654000003, 19967.234999999404], [643169.2045, 19948.435699999332], [643184.5639000004, 19937.616100000218], [643174.2143000001, 19926.33660000004], [643156.9649, 19903.21749999933], [643145.2854000004, 19889.28800000064], [643125.9061000003, 19866.628900000826]]], [[[642898.6749999998, 19874.2285999991], [642841.5171999997, 19792.171800000593], [642648.0147000002, 19927.136600000784], [642705.1924999999, 20009.183399999514], [642773.7998000002, 20107.629499999806], [642933.0336999996, 19996.57389999926], [642948.0031000003, 19978.99450000003], [642952.0329, 19950.765599999577], [642898.6749999998, 19874.2285999991]]], [[[642439.8728, 20054.02160000056], [642314.0777000003, 19873.528599999845], [642215.6616000002, 19942.186000000685], [642341.4467000002, 20122.66889999993], [642439.8728, 20054.02160000056]]], [[[643188.5736999996, 19946.335799999535], [643184.8937999997, 19945.675799999386], [643175.1042, 19952.525599999353], [643144.2653999999, 19976.854599999264], [643083.0577999996, 20023.50280000083], [643045.2093000002, 20052.36170000024], [643027.29, 20066.17109999992], [643017.1604000004, 20074.35080000013], [643014.0405000001, 20076.340700000525], [643014.0405000001, 20080.32059999928], [643025.1700999998, 20095.47000000067], [643044.1993000004, 20122.998900000006], [643049.9890999999, 20132.508600000292], [643065.3485000003, 20155.18769999966], [643074.2482000003, 20164.34730000049], [643095.5173000004, 20146.22800000012], [643148.1653000005, 20105.989600000903], [643160.8448000001, 20094.050100000575], [643194.3535000002, 20070.610999999568], [643211.4928000001, 20057.571499999613], [643228.5221999995, 20044.74200000055], [643244.1114999996, 20033.012399999425], [643248.5514000002, 20029.37260000035], [643250.4512999998, 20027.94260000065], [643250.4512999998, 20024.292799999937], [643238.3118000003, 20009.13340000063], [643209.4829000002, 19971.884800000116], [643195.9233999997, 19954.185499999672], [643188.5736999996, 19946.335799999535]]], [[[642333.2470000004, 20128.39870000072], [642207.4518999998, 19947.905700000003], [642109.0356999999, 20016.553099999204], [642234.8207999999, 20197.04609999992], [642333.2470000004, 20128.39870000072]]], [[[642716.3321000002, 20147.718000000343], [642589.9270000001, 19967.65499999933], [642491.5007999996, 20036.302300000563], [642617.9058999997, 20216.365299999714], [642716.3321000002, 20147.718000000343]]], [[[643421.0846999995, 19919.0569000002], [643417.7448000005, 19916.287000000477], [643411.625, 19917.166899999604], [643362.7569000004, 19947.675799999386], [643319.0186000001, 19975.644700000063], [643306.6590999998, 19987.374199999496], [643297.4194999998, 19998.533800000325], [643269.7105, 20020.75290000066], [643260.1309000002, 20029.15259999968], [643255.0910999998, 20033.15240000002], [643224.4023000002, 20057.46150000021], [643184.3339, 20087.520300000906], [643160.7347999997, 20105.439600000158], [643146.8252999997, 20116.939200000837], [643124.0061999997, 20133.94849999994], [643103.6270000003, 20148.767899999395], [643087.2775999997, 20163.137399999425], [643081.4879000001, 20170.107100000605], [643081.8179000001, 20174.08689999953], [643102.9670000002, 20201.94590000063], [643131.6759000001, 20242.5242999997], [643144.7054000003, 20259.54360000044], [643164.3946000002, 20246.05409999937], [643182.7638999997, 20232.80470000021], [643194.5635000002, 20221.635099999607], [643234.8618999999, 20189.346400000155], [643271.9205, 20160.05749999918], [643287.2899000002, 20147.458000000566], [643304.2092000004, 20138.498299999163], [643320.5685999999, 20127.10879999958], [643322.2785, 20126.29880000092], [643349.7274000002, 20113.29930000007], [643365.9768000003, 20100.919800000265], [643397.4755999995, 20075.150800000876], [643413.8448999999, 20061.341299999505], [643434.6540999999, 20049.61180000007], [643452.5734000001, 20036.462300000712], [643462.0431000004, 20031.93249999918], [643470.0527999997, 20026.292700000107], [643483.9622, 20016.563100000843], [643480.2923999997, 20007.493400000036], [643466.4929, 19987.49420000054], [643453.4733999996, 19967.25500000082], [643441.0038999999, 19950.555600000545], [643421.0846999995, 19919.0569000002]]], [[[642226.6211000001, 20202.765799999237], [642100.8260000004, 20022.272900000215], [642002.4099000003, 20090.920199999586], [642128.1950000003, 20271.4132000003], [642226.6211000001, 20202.765799999237]]], [[[643488.7620000001, 20035.142400000244], [643482.5122999996, 20033.262399999425], [643475.5125000002, 20033.482400000095], [643464.4929999998, 20040.442099999636], [643444.7937000003, 20055.371600000188], [643428.4243999999, 20068.85099999979], [643422.4145999998, 20078.92060000077], [643412.0650000004, 20086.430400000885], [643404.2653000001, 20090.19019999914], [643390.1259000003, 20100.919800000265], [643372.9965000004, 20115.849199999124], [643350.7174000004, 20134.73850000091], [643320.2286, 20155.52769999951], [643292.2896999996, 20174.11690000072], [643362.4068999998, 20272.28309999965], [643386.676, 20251.933900000528], [643398.8054999998, 20241.11429999955], [643414.7149, 20229.614800000563], [643422.7346000001, 20220.985099999234], [643432.9742, 20211.0354999993], [643462.8030000003, 20192.126199999824], [643489.5120000001, 20177.98680000007], [643510.7812000001, 20165.71729999967], [643534.4901999999, 20152.887800000608], [643542.8299000002, 20144.15809999965], [643548.9596999995, 20137.848400000483], [643551.1896000002, 20130.558599999174], [643546.9598000003, 20117.849099999294], [643532.2603000002, 20095.400000000373], [643511.1211999999, 20060.241399999708], [643500.1015999997, 20044.762000000104], [643492.8718999997, 20037.132300000638], [643488.7620000001, 20035.142400000244]]], [[[643047.4692000002, 20212.295499999076], [642921.5840999996, 20031.862500000745], [642823.4779000003, 20100.969799999148], [642949.3629999999, 20281.40279999934], [643047.4692000002, 20212.295499999076]]], [[[643564.6491, 20153.557700000703], [643558.1993000004, 20150.897800000384], [643547.3997, 20154.43769999966], [643508.3312999997, 20176.546900000423], [643499.1015999997, 20184.17659999989], [643486.6221000003, 20190.13629999943], [643466.5928999996, 20196.996099999174], [643447.8936000001, 20211.47550000064], [643420.7247000001, 20234.254599999636], [643411.4950000001, 20243.324300000444], [643407.7051999997, 20251.383899999782], [643405.3652999997, 20272.173100000247], [643405.2553000003, 20284.662599999458], [643410.3750999998, 20297.052200000733], [643433.6342000002, 20341.38040000014], [643435.9641000004, 20341.38040000014], [643445.3136999998, 20335.97059999965], [643459.4632000001, 20325.690999999642], [643466.8028999995, 20319.0513000004], [643475.7125000004, 20312.191600000486], [643496.9716999996, 20302.36199999973], [643531.1403999999, 20280.03280000016], [643545.9397999998, 20267.76329999976], [643578.8784999996, 20243.99420000054], [643602.1575999996, 20232.724700000137], [643607.7073999997, 20228.40479999967], [643606.2774999999, 20222.765100000426], [643595.4879000001, 20204.1958000008], [643585.5683000004, 20178.436799999326], [643577.1185999997, 20162.067399999127], [643573.6687000003, 20157.867599999532], [643564.6491, 20153.557700000703]]], [[[642119.9952999996, 20277.13289999962], [641994.2001999998, 20096.640000000596], [641895.7740000002, 20165.287299999967], [642021.5691, 20345.780300000682], [642119.9952999996, 20277.13289999962]]], [[[642941.1832999997, 20287.162499999627], [642815.3081999999, 20106.729599999264], [642717.2019999996, 20175.83689999953], [642843.0872, 20356.269899999723], [642941.1832999997, 20287.162499999627]]], [[[642467.6118000001, 20321.191199999303], [642341.8267000001, 20140.69820000045], [642243.4005000005, 20209.34559999965], [642369.1856000004, 20389.838600000367], [642467.6118000001, 20321.191199999303]]], [[[643360.2869999995, 20274.38299999945], [643289.1698000003, 20175.206900000572], [643270.3605000004, 20193.996200000867], [643244.7615, 20218.655200000852], [643228.4022000004, 20235.67449999973], [643207.0329999998, 20257.45370000042], [643190.6635999996, 20276.13299999945], [643180.4239999996, 20291.8423999995], [643169.4045000002, 20302.671900000423], [643162.5047000004, 20311.621600000188], [643143.3554999996, 20332.740800000727], [643128.6560000004, 20346.890200000256], [643125.2161999997, 20352.97000000067], [643123.8662, 20359.27969999984], [643116.1964999996, 20371.20930000022], [643148.0252999999, 20408.02779999934], [643160.7048000004, 20417.427500000224], [643165.9446, 20417.767500000075], [643177.2940999996, 20413.327600000426], [643193.6634999998, 20403.94800000079], [643210.4628999997, 20392.338500000536], [643223.6023000004, 20376.85909999907], [643231.1720000003, 20375.41909999959], [643243.7516000001, 20370.659299999475], [643269.2406000001, 20353.539999999106], [643280.4801000003, 20340.930500000715], [643287.1599000003, 20336.730599999428], [643295.5094999997, 20330.10089999996], [643328.7883000001, 20302.131999999285], [643333.1281000003, 20297.042199999094], [643360.2869999995, 20274.38299999945]]], [[[643623.9768000003, 20230.28480000049], [643620.9568999996, 20228.864800000563], [643611.6072000004, 20231.504699999467], [643574.4386999998, 20254.053799999878], [643509.1012000004, 20300.601999999955], [643473.8125999998, 20321.591199999675], [643470.6926999995, 20326.35099999979], [643465.8028999995, 20331.430800000206], [643454.1134000001, 20338.95050000027], [643448.2136000004, 20345.930299999192], [643443.5338000003, 20353.109999999404], [643442.3137999997, 20358.859799999744], [643443.7737999996, 20366.379499999806], [643457.8931999998, 20388.928600000218], [643477.8125, 20424.30719999969], [643491.0619000001, 20448.29629999958], [643494.5017999997, 20450.396199999377], [643506.7512999997, 20442.876499999315], [643515.4309999999, 20434.476800000295], [643532.2402999997, 20423.427200000733], [643558.3992999997, 20405.737900000066], [643615.3870999999, 20365.729499999434], [643637.8761999998, 20352.240000000224], [643670.1449999996, 20332.440799999982], [643674.7148000002, 20329.13089999929], [643679.3946000002, 20324.381100000814], [643681.9445000002, 20319.401300000027], [643682.2845000001, 20313.091499999166], [643663.2551999995, 20281.922800000757], [643659.3653999995, 20270.093200000003], [643651.9057, 20258.36370000057], [643635.0963000003, 20243.99420000054], [643627.6365999999, 20233.93459999934], [643623.9768000003, 20230.28480000049]]], [[[642360.9858999997, 20395.558299999684], [642235.1908, 20215.06540000066], [642136.7746000001, 20283.72269999981], [642262.5597000001, 20464.205700000748], [642360.9858999997, 20395.558299999684]]], [[[642744.2309999997, 20414.767599999905], [642618.3359000003, 20234.354599999264], [642519.9096999997, 20303.001900000498], [642645.8048, 20483.414899999276], [642744.2309999997, 20414.767599999905]]], [[[643400.8054, 20290.412399999797], [643386.1160000004, 20264.653400000185], [643359.5071, 20284.22269999981], [643325.3383999998, 20308.981699999422], [643291.4996999996, 20340.38049999997], [643258.7709999997, 20367.67940000072], [643226.7221999997, 20390.78849999979], [643201.8931999998, 20410.90770000033], [643185.8738000002, 20419.087400000542], [643166.1645999998, 20430.137000000104], [643179.2940999996, 20459.88580000028], [643183.9738999996, 20469.50549999997], [643194.7635000004, 20490.724600000307], [643204.7830999997, 20501.014200000092], [643210.4628999997, 20504.434100000188], [643234.5018999996, 20487.53470000066], [643247.4214000003, 20478.575099999085], [643266.3306999998, 20460.00579999946], [643278.3502000002, 20443.966399999335], [643298.7293999996, 20424.957200000063], [643334.3480000002, 20400.418099999428], [643361.3870000001, 20384.158800000325], [643385.7759999996, 20371.339299999177], [643401.7954000002, 20363.169600000605], [643429.4042999996, 20346.800200000405], [643422.5146000003, 20332.54079999961], [643418.2747999998, 20322.14120000042], [643408.3651999999, 20306.441800000146], [643400.8054, 20290.412399999797]]], [[[643691.6341000004, 20333.990700000897], [643683.2745000003, 20332.110799999908], [643679.2746000001, 20333.440700000152], [643659.3553999998, 20345.38030000031], [643632.3064000001, 20362.189600000158], [643581.0983999996, 20396.118300000206], [643543.5899, 20420.117399999872], [643532.2402999997, 20429.726999999955], [643514.7609999999, 20440.886600000784], [643511.3311000001, 20447.746300000697], [643511.0911999997, 20460.465800000355], [643514.1009999998, 20470.085400000215], [643519.2208000002, 20483.134899999946], [643539.8099999996, 20513.753699999303], [643554.9395000003, 20535.31289999932], [643557.3893999998, 20536.202899999917], [643560.4992000004, 20536.53280000016], [643572.4088000003, 20529.0131000001], [643588.9981000004, 20518.29360000044], [643645.9858999997, 20476.50520000048], [643700.9737999998, 20445.876399999484], [643717.1130999997, 20437.036699999124], [643728.4726999998, 20423.99719999917], [643742.3821999999, 20407.06790000014], [643728.8026999999, 20380.098899999633], [643720.1129999999, 20365.27950000018], [643706.9934999999, 20354.009899999946], [643701.6436999999, 20347.04020000063], [643695.7539999997, 20338.310599999502], [643691.6341000004, 20333.990700000897]]], [[[642254.3601000002, 20469.925400000066], [642128.5650000004, 20289.44250000082], [642030.1487999996, 20358.08980000019], [642155.9338999996, 20538.582800000906], [642254.3601000002, 20469.925400000066]]], [[[643430.8443, 20356.759800000116], [643427.8443999998, 20356.74980000034], [643406.2451999998, 20367.479399999604], [643374.5264999997, 20385.808700000867], [643344.8076, 20401.40809999965], [643319.2085999995, 20416.667500000447], [643294.3896000003, 20436.786699999124], [643262.8908000002, 20469.515499999747], [643233.2719999999, 20496.9243999999], [643249.8613, 20520.033500000834], [643251.8512000004, 20531.41300000064], [643267.3306, 20556.40210000053], [643289.3597999997, 20588.800799999386], [643298.3893999998, 20583.39100000076], [643310.6289999997, 20573.431399999186], [643333.9979999997, 20559.721899999306], [643368.3967000004, 20532.642999999225], [643413.3650000002, 20505.444099999964], [643424.1545000002, 20495.05450000055], [643440.7538999999, 20486.114800000563], [643456.4433000004, 20475.055199999362], [643473.3625999996, 20463.88570000045], [643478.9324000003, 20460.675799999386], [643485.0422, 20455.596000000834], [643485.4922000002, 20450.066199999303], [643483.3821999999, 20444.6464000009], [643476.7024999997, 20431.92689999938], [643467.0229000002, 20418.007500000298], [643461.0131000001, 20407.607899999246], [643452.2233999996, 20393.688400000334], [643444.3137999997, 20380.07890000008], [643438.4139999999, 20369.129399999976], [643435.7440999998, 20360.739700000733], [643433.8542, 20359.40970000066], [643430.8443, 20356.759800000116]]], [[[643754.4017000003, 20432.61690000072], [643750.4117999999, 20430.406999999657], [643743.3821, 20431.066899999976], [643733.8125, 20433.606799999252], [643693.8439999996, 20457.04590000026], [643648.0958000002, 20481.925000000745], [643623.5067999996, 20500.594200000167], [643610.4873000002, 20513.533700000495], [643601.9075999996, 20520.723500000313], [643596.5678000003, 20528.243200000376], [643590.1180999996, 20534.322899999097], [643579.9785000002, 20538.40279999934], [643562.3892000001, 20546.922399999574], [643563.0591000002, 20554.99210000038], [643568.6288999999, 20567.701600000262], [643588.3282000003, 20595.240599999204], [643602.7976000002, 20620.769600000232], [643616.4870999996, 20641.118799999356], [643637.0762999998, 20627.189300000668], [643663.5652000001, 20613.149900000542], [643682.6045000004, 20602.100299999118], [643694.8439999996, 20591.6007000003], [643728.1327, 20573.911399999633], [643737.0323999999, 20569.041600000113], [643747.4819999998, 20559.201999999583], [643766.5212000003, 20541.082699999213], [643802.3597999997, 20520.95340000093], [643810.8195000002, 20513.77370000072], [643807.4896, 20509.903899999335], [643785.4505000003, 20478.615100000054], [643770.4310999997, 20454.72599999979], [643754.4017000003, 20432.61690000072]]], [[[643499.4016000004, 20456.47599999979], [643497.0717000002, 20455.276000000536], [643492.1719000004, 20456.47599999979], [643481.9323000005, 20464.32569999993], [643471.4627, 20471.185399999842], [643460.4530999996, 20476.605200000107], [643443.4238, 20492.18459999934], [643411.1349999998, 20516.833599999547], [643389.5459000003, 20532.423000000417], [643377.2964000003, 20539.94270000048], [643359.1571000004, 20548.352399999276], [643341.2378000002, 20560.941899999976], [643324.6484000003, 20572.341399999335], [643315.4088000003, 20577.08129999973], [643298.2693999996, 20591.57069999911], [643292.0396999996, 20593.67060000077], [643282.1300999997, 20603.84019999951], [643280.0100999996, 20609.039999999106], [643282.2401, 20625.39939999953], [643296.1495000003, 20652.048299999908], [643309.619, 20679.017300000414], [643312.1788999997, 20679.677300000563], [643353.0173000004, 20682.447200000286], [643355.9172, 20681.89719999954], [643363.5969000002, 20677.917300000787], [643381.0762, 20665.09779999964], [643411.5750000002, 20638.89890000038], [643423.5946000004, 20628.719299999997], [643435.8340999996, 20622.0895000007], [643453.2034, 20612.24990000017], [643471.3526999997, 20598.110400000587], [643476.8025000002, 20590.250800000504], [643489.8219999997, 20580.64110000059], [643502.9515000004, 20575.001299999654], [643515.6509999996, 20570.131500000134], [643551.5996000003, 20547.03240000084], [643552.5994999995, 20543.382600000128], [643547.3696999997, 20534.982899999246], [643535.0202000001, 20516.183599999174], [643527.2204999998, 20503.79409999959], [643520.2007999998, 20493.18449999951], [643513.5311000003, 20482.794900000095], [643506.4212999996, 20467.75549999997], [643501.8514999999, 20460.125800000504], [643499.4016000004, 20456.47599999979]]], [[[642124.0340999998, 20536.645400000736], [641866.1722999997, 20182.400200000033], [641588.5678000003, 20423.28529999964], [641594.2240000004, 20703.770099999383], [642124.0340999998, 20536.645400000736]]], [[[642388.7248, 20662.72790000029], [642262.9297000002, 20482.234999999404], [642164.5136000002, 20550.882300000638], [642290.2987000002, 20731.37529999949], [642388.7248, 20662.72790000029]]], [[[643820.1690999996, 20529.363099999726], [643816.6092999997, 20526.153200000525], [643808.0395999998, 20526.26319999993], [643793.9101999998, 20531.023099999875], [643780.7707000002, 20537.542799999937], [643764.7412999999, 20549.25229999982], [643748.0519000003, 20563.511800000444], [643738.2522999998, 20572.691400000826], [643726.2428000001, 20579.10119999945], [643701.1837999998, 20592.810699999332], [643690.5042000003, 20599.670399999246], [643684.3843999999, 20607.63010000065], [643652.9856000002, 20623.64949999936], [643629.6164999995, 20638.138900000602], [643615.0371000003, 20651.06839999929], [643609.9172999999, 20659.808000000194], [643612.5872, 20669.537699999288], [643621.2669000002, 20681.02720000036], [643638.6261999998, 20695.066700000316], [643651.7556999996, 20708.01620000042], [643661.3353000004, 20725.045499999076], [643668.8949999996, 20730.795299999416], [643672.8048999999, 20734.43510000035], [643683.2644999996, 20736.0951000005], [643697.7238999996, 20729.355299999937], [643752.7117999997, 20692.536800000817], [643795.9001000002, 20663.137900000438], [643824.1689999998, 20645.998600000516], [643877.0469000004, 20612.93989999965], [643874.7070000004, 20605.990100000054], [643870.4771999996, 20595.810499999672], [643865.2473999998, 20589.29079999961], [643860.6875999998, 20586.63089999929], [643854.6777999997, 20579.89120000042], [643841.0982999997, 20559.65190000087], [643825.3989000004, 20536.00290000066], [643820.1690999996, 20529.363099999726]]], [[[642772.2599, 20428.177100000903], [642768.0100999996, 20427.49709999934], [642547.5886000004, 20582.780999999493], [642658.8542999998, 20736.56509999931], [642888.1553999996, 20587.860799999908], [642888.8653999995, 20583.83100000024], [642772.2599, 20428.177100000903]]], [[[643555.4894000003, 20554.65210000053], [643551.8196, 20553.12219999917], [643543.8098999998, 20556.762099999934], [643524.4406000003, 20569.691600000486], [643510.0811999999, 20577.7611999996], [643491.0519000003, 20589.360799999908], [643485.6920999996, 20595.45050000027], [643460.2231000001, 20612.799900000915], [643436.1741000004, 20630.04920000024], [643417.6947999997, 20641.32880000025], [643390.8657999998, 20662.337899999693], [643353.6873000003, 20691.296800000593], [643347.1275000004, 20697.596599999815], [643344.6776, 20700.036499999464], [643344.5576, 20704.786299999803], [643347.8975, 20710.866100000218], [643363.4868999999, 20730.885299999267], [643376.5064000003, 20746.024700000882], [643386.1859999998, 20750.99450000003], [643420.3547, 20750.224500000477], [643432.7142000003, 20748.78460000083], [643452.8634000001, 20746.68469999917], [643459.6531999996, 20741.93480000086], [643474.7926000003, 20733.75520000048], [643491.7119000005, 20728.455399999395], [643517.4209000003, 20715.63590000011], [643535.6802000003, 20699.936499999836], [643543.3498999998, 20692.196799999103], [643556.2693999996, 20680.46719999984], [643571.6288000001, 20672.957499999553], [643587.3181999996, 20664.00789999962], [643599.5676999995, 20654.938200000674], [643608.5773999998, 20648.088500000536], [643608.2473999998, 20643.438699999824], [643605.3574999999, 20635.588999999687], [643602.2375999996, 20631.389200000092], [643597.4578, 20626.519300000742], [643592.6579999998, 20614.90980000049], [643583.6482999995, 20598.34039999917], [643578.1984999999, 20591.04069999978], [643573.2987000002, 20584.071000000462], [643570.8487999998, 20578.651200000197], [643565.1791000003, 20571.89149999991], [643562.1692000004, 20564.3917999994], [643555.4894000003, 20554.65210000053]]], [[[643019.4102999996, 20633.73909999989], [642904.9046999998, 20587.07090000063], [642899.625, 20587.58090000041], [642696.8027999997, 20719.115700000897], [642761.3302999996, 20806.382300000638], [642764.1802000003, 20806.882300000638], [643019.6902999999, 20636.539000000805], [643019.4102999996, 20633.73909999989]]], [[[643924.0050999997, 20750.704500000924], [643934.0247, 20748.384600000456], [643944.8142999997, 20748.384600000456], [643950.1640999997, 20749.394600000232], [643955.1639, 20745.954700000584], [643958.5037000002, 20743.634800000116], [643960.0636999998, 20740.31489999965], [643956.6138000004, 20727.275399999693], [643941.3744000001, 20711.905999999493], [643938.1344999997, 20702.17640000023], [643922.6650999999, 20687.787000000477], [643914.1054999996, 20676.287399999797], [643911.2056, 20670.547599999234], [643909.0957000004, 20660.827999999747], [643889.1764000002, 20626.879300000146], [643882.4967, 20620.90960000083], [643875.8169999998, 20619.90960000083], [643871.1370999999, 20621.349500000477], [643864.6874000002, 20626.769300000742], [643851.2178999996, 20634.059000000358], [643806.0296999998, 20663.137900000438], [643708.6335000005, 20727.145400000736], [643678.2446999997, 20747.484600000083], [643674.4648000002, 20754.664400000125], [643678.4645999996, 20761.08410000056], [643685.5943999998, 20775.903500000015], [643696.6139000002, 20792.25290000066], [643717.6331000002, 20820.121799999848], [643733.4424999999, 20841.680999999866], [643736.2324000001, 20844.45089999959], [643741.9022000004, 20845.330800000578], [643749.6919, 20843.23090000078], [643767.2812000001, 20829.191500000656], [643802.8997999998, 20806.642300000414], [643823.8289999999, 20790.7229999993], [643854.2078, 20775.243599999696], [643899.9560000002, 20756.124299999326], [643913.2055000002, 20751.254499999806], [643924.0050999997, 20750.704500000924]]], [[[643593.9978999998, 20673.947499999776], [643589.0981000001, 20673.06750000082], [643582.9784000004, 20674.507500000298], [643575.5186000001, 20677.487400000915], [643570.6188000003, 20678.36730000004], [643555.0394000001, 20687.43700000085], [643541.79, 20702.036399999633], [643523.5406999998, 20715.63590000011], [643488.5920000002, 20733.645199999213], [643477.2324999999, 20739.28500000015], [643464.5429999996, 20745.914699999616], [643439.9539000001, 20758.40420000069], [643427.3644000003, 20765.373900000006], [643425.4744999995, 20769.02380000055], [643423.3546000002, 20772.343699999154], [643415.9049000004, 20778.093399999663], [643413.4550000001, 20781.863299999386], [643413.1150000002, 20785.503200000152], [643416.4548000004, 20792.232899999246], [643423.1346000005, 20801.302500000224], [643436.2741, 20823.421700000763], [643457.4132000003, 20860.010299999267], [643465.3229, 20871.61979999952], [643470.2127, 20874.609699999914], [643475.3324999996, 20874.719699999318], [643498.4916000003, 20861.230200000107], [643531.5404000003, 20841.120999999344], [643557.8192999996, 20824.64159999974], [643574.3986999998, 20812.37209999934], [643576.9585999995, 20807.06230000034], [643584.6382999998, 20804.192399999127], [643590.4281000001, 20800.87260000035], [643601.5576, 20797.662699999288], [643614.1370999999, 20786.523099999875], [643619.9269000003, 20781.973300000653], [643630.4965000004, 20775.673499999568], [643637.6162, 20768.373800000176], [643652.1957, 20759.754200000316], [643660.1053999998, 20750.354499999434], [643664.6651999997, 20742.614800000563], [643664.7951999996, 20736.855000000447], [643655.8755000001, 20725.925499999896], [643641.6460999995, 20710.446100000292], [643616.9170000004, 20684.567099999636], [643609.0173000004, 20677.59740000032], [643600.6776999999, 20674.947499999776], [643593.9978999998, 20673.947499999776]]], [[[642995.6812000005, 20745.974700000137], [642892.0652000001, 20729.265300000086], [642888.4254000001, 20730.055299999192], [642772.1498999996, 20807.572300000116], [642771.4398999996, 20811.65210000053], [642836.9474, 20900.258700000122], [642842.4872000003, 20899.338700000197], [643027.2400000002, 20765.57389999926], [643045.5292999996, 20755.384299999103], [643045.2993000001, 20754.094399999827], [642995.6812000005, 20745.974700000137]]], [[[643968.0734000001, 20756.124299999326], [643962.8536, 20754.2444000002], [643939.5844999999, 20754.46440000087], [643921.7851999998, 20756.67430000007], [643908.0856999997, 20762.42410000041], [643898.7361000003, 20766.623900000006], [643889.9463999998, 20767.843800000846], [643874.3569999998, 20774.693600000814], [643860.4475999996, 20780.003399999812], [643854.8777999999, 20784.863199999556], [643848.4280000003, 20789.07300000079], [643828.2788000004, 20797.35270000063], [643818.7092000004, 20803.43249999918], [643824.7189999996, 20810.18219999969], [643870.6771999998, 20855.29040000029], [643777.9607999995, 20906.368499999866], [643786.5303999996, 20917.19800000079], [643791.5401999997, 20931.457499999553], [643796.1001000004, 20935.43730000034], [643801.6698000003, 20937.317199999467], [643812.0193999996, 20934.337400000542], [643819.6990999999, 20927.697599999607], [643832.0586999999, 20920.06790000014], [643840.9583, 20916.308100000024], [643853.9778000005, 20905.158500000834], [643879.4667999996, 20889.569099999964], [643887.8265000004, 20881.0493999999], [643900.0659999996, 20873.639699999243], [643922.4352000002, 20863.360099999234], [643947.3641999997, 20854.740499999374], [643959.7237, 20847.560699999332], [643969.7433000002, 20839.161100000143], [643974.5230999999, 20832.631300000474], [643981.8728, 20825.011600000784], [643992.5624000002, 20821.1417999994], [644004.9118999997, 20810.302200000733], [644002.3619999997, 20801.90249999985], [643996.5723000001, 20792.72289999947], [643986.7725999998, 20782.113299999386], [643973.3032, 20762.094100000337], [643968.0734000001, 20756.124299999326]]], [[[643675.1348000001, 20768.263800000772], [643668.2249999996, 20755.33430000022], [643654.0955999997, 20762.844000000507], [643642.506, 20770.253699999303], [643628.9365999997, 20782.643300000578], [643606.4474, 20800.1026000008], [643589.4181000004, 20808.49230000004], [643565.4790000003, 20822.871700000018], [643559.5893000001, 20829.17149999924], [643535.5502000004, 20845.10080000013], [643506.7213000003, 20863.110099999234], [643492.8019000003, 20871.069800000638], [643486.0220999997, 20880.129499999806], [643479.7823999999, 20890.749099999666], [643473.6626000004, 20905.56849999912], [643474.7725999998, 20913.40819999948], [643481.0022999998, 20925.237700000405], [643484.9022000004, 20949.67679999955], [643497.9216999998, 20956.316500000656], [643521.4008, 20964.3861999996], [643527.5305000003, 20965.936100000516], [643542.0, 20964.83620000072], [643565.2589999996, 20951.89670000039], [643585.9582000002, 20943.49699999951], [643597.3178000003, 20934.86730000004], [643619.0269999998, 20922.487800000235], [643651.9656999996, 20900.938699999824], [643675.3448000001, 20888.009199999273], [643698.3838999998, 20875.399700000882], [643712.6332999999, 20868.2098999992], [643728.5427000001, 20857.72030000016], [643730.7725999998, 20852.300599999726], [643730.9025999997, 20846.660800000653], [643725.3228000002, 20838.70109999925], [643702.9537000004, 20809.84219999984], [643686.9143000003, 20787.5131000001], [643679.3546000002, 20778.333399999887], [643675.1348000001, 20768.263800000772]]], [[[643285.8998999996, 20794.65279999934], [643274.7703999998, 20779.403400000185], [643267.9806000004, 20780.07340000011], [643260.4108999996, 20782.503299999982], [643252.6211999999, 20780.953299999237], [643243.4916000003, 20784.1632000003], [643218.8925000001, 20794.322799999267], [643209.8828999996, 20798.75259999931], [643192.7534999996, 20808.032299999148], [643192.5936000003, 20808.112299999222], [643174.0343000004, 20818.531899999827], [643154.8949999996, 20832.131300000474], [643146.5453000003, 20839.5410999991], [643114.9365999997, 20859.430299999192], [643102.9170000004, 20870.92980000004], [643084.2177999998, 20882.20940000005], [643062.9585999995, 20893.379000000656], [643064.3985000001, 20899.128699999303], [643069.8482999997, 20899.458699999377], [643073.5281999996, 20907.63839999959], [643078.3080000002, 20913.708200000226], [643076.4281000001, 20918.468000000343], [643080.9879000001, 20925.43769999966], [643097.0173000004, 20947.656799999997], [643103.6869999999, 20957.946399999782], [643107.2468999997, 20970.985899999738], [643110.2567999996, 20980.935499999672], [643116.9265000001, 20986.685300000012], [643136.2956999997, 20976.185699999332], [643146.4353, 20967.236099999398], [643164.0147000002, 20955.186599999666], [643183.0538999997, 20942.24709999934], [643208.3129000003, 20926.327700000256], [643227.0121999998, 20914.3881000001], [643240.2616999997, 20904.118499999866], [643249.6113, 20897.14880000055], [643272.5303999996, 20883.439300000668], [643292.2396999998, 20868.9598999992], [643304.2592000002, 20861.770199999213], [643308.9289999995, 20856.680400000885], [643310.159, 20850.940600000322], [643310.0489999996, 20840.33100000024], [643301.9293, 20818.321900000796], [643290.7997000003, 20801.292500000447], [643285.8998999996, 20794.65279999934]]], [[[642656.4343999997, 20881.979399999604], [642589.3870000001, 20789.962999999523], [642377.1152999997, 20931.327500000596], [642376.2953000003, 20935.477299999446], [642438.0229000002, 21027.303700000048], [642442.8727000002, 21030.023600000888], [642656.4343999997, 20881.979399999604]]], [[[644010.3717, 20818.59190000035], [644003.9119999995, 20818.481899999082], [643995.5623000003, 20823.901699999347], [643981.2028999999, 20834.401300000027], [643975.3130999999, 20841.370999999344], [643965.1734999996, 20850.330600000918], [643936.9145999998, 20865.91000000015], [643921.2051999997, 20872.539799999446], [643909.7456, 20877.289599999785], [643898.1661, 20882.70940000005], [643891.4863999998, 20886.57919999957], [643878.1369000003, 20896.528799999505], [643865.5574000003, 20904.048499999568], [643847.9680000003, 20918.19800000079], [643821.8191, 20936.43730000034], [643811.3494999995, 20944.61700000055], [643810.7994999997, 20945.726900000125], [643816.7893000003, 20956.666500000283], [643827.5987999998, 20976.015699999407], [643850.3080000002, 21009.40440000035], [643861.6375000002, 21034.29350000061], [643864.3174, 21039.473300000653], [643875.1270000003, 21039.473300000653], [643882.7966999998, 21032.85349999927], [643903.1659000004, 21018.70409999974], [643930.8848000001, 20999.46480000019], [643965.2735000001, 20982.765499999747], [644001.2320999997, 20958.67640000023], [644031.0608999999, 20938.887199999765], [644039.7406000001, 20930.477499999106], [644049.6601999998, 20921.747899999842], [644060.3298000004, 20915.44810000062], [644064.3395999996, 20912.468200000003], [644066.7895, 20908.26840000041], [644066.9095000001, 20900.748700000346], [644063.0197000001, 20890.469100000337], [644056.6599000003, 20882.82939999923], [644049.7702000001, 20873.099700000137], [644038.8606000002, 20851.66059999913], [644028.6210000003, 20834.631200000644], [644023.3912000004, 20826.451600000262], [644018.3814000003, 20822.581700000912], [644013.7116, 20820.36180000007], [644010.3717, 20818.59190000035]]], [[[643762.6014, 20886.23919999972], [643741.7922, 20857.270400000736], [643733.4424999999, 20859.260299999267], [643717.0831000004, 20871.859799999744], [643692.5941000003, 20883.5792999994], [643665.5450999998, 20900.38869999908], [643658.4254000001, 20901.818600000814], [643654.1956000002, 20904.91850000061], [643631.5865000002, 20920.167899999768], [643623.1368000004, 20923.387800000608], [643617.477, 20926.68769999966], [643607.6673999997, 20933.87739999965], [643592.3080000002, 20944.71700000018], [643573.8287000004, 20953.446599999443], [643559.3592999997, 20965.17620000057], [643548.3397000004, 20972.57589999959], [643543.4398999996, 20977.9757000003], [643543.3299000002, 20985.275399999693], [643551.1195999999, 20996.224999999627], [643570.1388999997, 21025.64379999973], [643581.7284000004, 21040.453199999407], [643593.4079999998, 21056.922599999234], [643600.7577, 21064.782299999148], [643608.1074000001, 21061.572399999946], [643627.2466000002, 21048.97289999947], [643660.6453, 21030.95360000059], [643683.7944, 21018.014100000262], [643712.2833000002, 21004.53460000083], [643722.1929000001, 20993.365100000054], [643733.5425000004, 20985.62539999932], [643743.6721000001, 20982.085500000045], [643756.5915999999, 20973.585799999535], [643783.1906000003, 20954.67659999989], [643788.4204000002, 20952.026699999347], [643789.3103, 20947.4868999999], [643786.9803999998, 20938.09720000066], [643779.4106999999, 20916.19810000062], [643774.0608999999, 20911.118300000206], [643764.3913000003, 20893.539000000805], [643762.6014, 20886.23919999972]]], [[[642875.7959000003, 21018.83410000056], [642881.7456, 21012.104299999774], [642937.8435000004, 20970.97589999996], [643009.9707000004, 20923.87780000083], [643026.04, 20914.468100000173], [643042.0394000001, 20903.348600000143], [643183.2739000004, 20805.232400000095], [643183.7839000002, 20802.44250000082], [643170.7143999999, 20783.653200000525], [643075.5181, 20747.33459999971], [643071.8881999999, 20747.594599999487], [643030.6098999996, 20770.533700000495], [642973.2220999999, 20812.082100000232], [642738.9912, 20981.675499999896], [642738.5511999996, 20984.46539999917], [642800.1188000003, 21068.96209999919], [642802.9386999998, 21069.442099999636], [642875.7959000003, 21018.83410000056]]], [[[643026.04, 20914.468100000173], [642875.7959000003, 21018.83410000056], [642875.3958999999, 21019.284099999815], [642868.4961999999, 21025.92380000092], [642868.4961999999, 21033.553500000387], [642866.1662999997, 21038.07330000028], [642863.2664000001, 21040.953199999407], [642858.9265000001, 21048.69290000014], [642854.9167, 21058.65249999985], [642854.7966999998, 21069.81210000068], [642861.5964000002, 21072.791999999434], [642874.2858999996, 21078.321799999103], [642887.1953999996, 21078.55179999955], [642912.0144999996, 21075.121899999678], [642941.0632999996, 21070.702099999413], [642950.9730000002, 21073.131999999285], [642971.1122000003, 21086.741399999708], [642994.1513, 21068.93209999986], [643040.1294999998, 21037.423399999738], [643065.2785, 21020.514000000432], [643104.2470000004, 20996.634899999946], [643105.5768999998, 20995.425000000745], [643105.3569, 20987.34530000016], [643102.3470999999, 20969.335999999195], [643097.8971999995, 20958.166400000453], [643086.7676999997, 20938.707200000063], [643077.9780000001, 20929.307600000873], [643072.7482000003, 20921.897800000384], [643060.9587000003, 20905.648499999195], [643054.4989, 20897.79880000092], [643026.04, 20914.468100000173]]], [[[644077.4791000001, 20915.00809999928], [644070.7993999999, 20914.668099999428], [644060.8898, 20922.517799999565], [644057.4398999996, 20928.487600000575], [644050.4302000003, 20932.707399999723], [644040.1906000003, 20939.877100000158], [643991.3224999998, 20974.6958000008], [643960.2736999998, 20993.055099999532], [643939.1244999999, 21004.99459999986], [643927.8849, 21013.394300000742], [643908.2856999999, 21021.463999999687], [643892.5963000003, 21032.633500000462], [643889.4764, 21039.253299999982], [643889.3663999997, 21048.65289999917], [643891.4863999998, 21062.922399999574], [643911.7255999995, 21087.80140000023], [643937.2246000003, 21112.010399999097], [643951.244, 21118.650200000033], [643966.8234000001, 21123.070000000298], [643991.8723999998, 21114.13040000014], [644019.9214000003, 21100.63089999929], [644036.8406999996, 21088.92129999958], [644069.1194000002, 21068.792099999264], [644089.7186000003, 21052.542799999937], [644102.0681999996, 21044.6930999998], [644102.9581000004, 21041.4832000006], [644110.9677999998, 21035.403400000185], [644140.4666999998, 21021.92400000058], [644144.9165000003, 21017.504100000486], [644144.3664999995, 21010.4243999999], [644132.017, 20989.525200000033], [644124.1073000003, 20973.50579999946], [644121.4374000002, 20965.646099999547], [644111.7577999998, 20954.816600000486], [644101.8481999999, 20938.887199999765], [644094.5085000005, 20928.057600000873], [644084.1589000002, 20918.648000000045], [644077.4791000001, 20915.00809999928]]], [[[642728.9516000003, 20981.485500000417], [642659.3743000003, 20886.019200000912], [642445.6525999997, 21034.173499999568], [642446.3925999999, 21039.753299999982], [642501.5404000003, 21124.22000000067], [642504.3302999996, 21124.83990000002], [642728.4315999998, 20984.16540000029], [642728.9516000003, 20981.485500000417]]], [[[643387.6260000002, 20946.906899999827], [643383.0661000004, 20946.576899999753], [643374.0365000004, 20949.436799999326], [643370.2566, 20958.51640000008], [643358.8970999997, 20967.256100000814], [643357.0171999997, 20971.565899999812], [643355.4572000001, 20974.765799999237], [643326.0684000002, 20989.68520000018], [643320.1686000004, 20991.56509999931], [643314.7088000001, 20996.774900000542], [643306.0191000002, 21006.93449999951], [643290.5597000001, 21014.684200000018], [643281.1001000004, 21020.754000000656], [643268.0706000002, 21032.36350000091], [643259.8309000004, 21038.76329999976], [643247.4813999999, 21048.272900000215], [643251.2713000001, 21064.09229999967], [643255.8311000001, 21074.921900000423], [643257.4009999996, 21081.011700000614], [643264.2907999996, 21090.96130000055], [643269.9605, 21103.79079999961], [643271.6305, 21108.860600000247], [643277.5301999999, 21117.710200000554], [643288.4397999998, 21127.109899999574], [643300.8992999997, 21136.289499999955], [643333.7380999997, 21113.07039999962], [643344.8676000005, 21108.32059999928], [643356.5571999997, 21101.460899999365], [643361.017, 21094.51109999977], [643378.1463000001, 21084.89149999991], [643392.2857999997, 21076.59180000052], [643397.8556000004, 21068.632099999115], [643428.9044000003, 21049.842900000513], [643434.4741000002, 21041.653200000525], [643437.3640000001, 21033.48350000009], [643436.2540999996, 21025.963800000027], [643423.4545999998, 21000.754799999297], [643405.7553000003, 20973.555800000206], [643402.4254000001, 20970.79590000026], [643397.3055999996, 20961.1763000004], [643391.7357999999, 20953.21660000086], [643387.6260000002, 20946.906899999827]]], [[[642371.3054999998, 20938.797199999914], [642367.1357000005, 20937.977199999616], [642196.6623, 21051.492799999192], [642198.1222000001, 21091.681199999526], [642261.5798000004, 21140.589299999177], [642433.7430999996, 21036.16339999996], [642433.0931000002, 21030.723600000143], [642371.3054999998, 20938.797199999914]]], [[[643814.0193999996, 20961.536299999803], [643805.4596999995, 20947.826799999923], [643786.1904999996, 20957.996400000528], [643746.352, 20987.725299999118], [643736.3323999997, 20994.914999999106], [643719.6330000004, 21006.9645000007], [643710.3934000004, 21012.714299999177], [643687.6842999998, 21021.67400000058], [643682.5645000003, 21025.32379999943], [643670.2149999999, 21029.533700000495], [643656.6454999996, 21037.473300000653], [643646.8359000003, 21043.88309999928], [643637.0462999996, 21048.302899999544], [643626.7966999998, 21057.052600000054], [643617.227, 21064.892300000414], [643614.7770999996, 21070.862099999562], [643614.9870999996, 21079.601700000465], [643617.6770000001, 21086.901399999857], [643634.2564000003, 21112.430400000885], [643641.8261000002, 21126.359899999574], [643654.2856000001, 21141.509299999103], [643670.8649000004, 21166.398299999535], [643675.9846999999, 21170.0382000003], [643679.7746000001, 21169.69820000045], [643691.4641000004, 21163.50840000063], [643698.4738999996, 21155.6688000001], [643711.3733999999, 21147.599099999294], [643739.6623, 21131.899700000882], [643761.8114, 21116.97030000016], [643769.6010999996, 21108.79059999995], [643787.1903999997, 21097.73100000061], [643820.9190999996, 21074.971899999306], [643843.3981999997, 21059.042500000447], [643860.6475999998, 21044.22309999913], [643859.4276, 21039.923299999908], [643846.6281000003, 21013.05430000089], [643832.3887, 20991.495100000873], [643825.4889000002, 20977.895700000226], [643818.1392000001, 20967.946100000292], [643814.0193999996, 20961.536299999803]]], [[[643321.7385, 20859.780300000682], [643315.9488000004, 20858.890300000086], [643311.3888999997, 20860.990199999884], [643283.3399999999, 20881.669399999082], [643236.2518999996, 20911.63819999993], [643213.7626999998, 20928.757600000128], [643198.4033000004, 20937.71719999984], [643172.5843000002, 20953.636600000784], [643145.7554000001, 20973.535800000653], [643124.8361999998, 20986.46529999934], [643120.6063999999, 20989.115199999884], [643118.1563999997, 20992.43510000035], [643088.7675999999, 21011.234400000423], [643039.7994999997, 21043.843100000173], [643003.5009000003, 21067.72220000066], [642970.7822000002, 21091.161299999803], [642969.8821999999, 21099.990900000557], [642969.4422000004, 21111.1604999993], [642966.5522999996, 21122.769999999553], [642962.4325000001, 21137.14949999936], [642958.3126999997, 21148.979000000283], [642956.8627000004, 21159.028599999845], [642958.0827000001, 21172.6381000001], [642961.7525000004, 21183.12769999914], [642963.3125, 21190.87739999965], [642972.1120999996, 21199.39699999988], [642983.3517000005, 21211.886600000784], [642990.5813999996, 21218.626299999654], [642993.5812999997, 21221.056199999526], [643000.4910000004, 21222.486199999228], [643001.1509999996, 21222.60610000044], [643005.3808000004, 21223.04609999992], [643009.6107000001, 21223.04609999992], [643014.5104999999, 21221.72619999945], [643023.5301000001, 21216.866399999708], [643031.3197999997, 21209.686599999666], [643037.3295999998, 21202.506899999455], [643045.1193000004, 21189.447399999946], [643056.0188999996, 21177.50789999962], [643066.3885000004, 21166.118300000206], [643077.5180000002, 21158.158700000495], [643097.7671999997, 21143.019200000912], [643110.0168000003, 21136.49950000085], [643116.5865000002, 21129.08980000019], [643135.2857999997, 21115.710300000384], [643159.6648000004, 21100.89090000093], [643167.6744999997, 21095.491100000218], [643185.4837999996, 21086.86140000075], [643193.8334999997, 21081.67159999907], [643209.1929000001, 21074.701899999753], [643215.9825999998, 21068.18219999969], [643218.4325000001, 21062.322399999946], [643223.6623, 21058.892500000075], [643240.9216999998, 21044.623099999502], [643270.4105000002, 21024.623800000176], [643276.0903000003, 21018.54409999959], [643297.9095000001, 21005.604599999264], [643308.369, 20994.554999999702], [643316.7187000001, 20986.03539999947], [643325.1783999996, 20982.605499999598], [643344.0976999998, 20970.785900000483], [643357.6771, 20961.286299999803], [643369.3567000004, 20950.1166999992], [643374.2664999999, 20939.27720000036], [643373.8164999997, 20929.87749999948], [643366.5867999997, 20912.968200000003], [643358.1271000002, 20903.128599999472], [643344.2176999999, 20881.67940000072], [643335.0980000002, 20875.259700000286], [643330.3081999999, 20866.18999999948], [643321.7385, 20859.780300000682]]], [[[642345.0526999999, 20916.316899999976], [642138.1677000001, 20562.074699999765], [641577.1924999999, 20734.946100000292], [641489.3559999997, 20998.508700000122], [641551.6712999996, 21185.466000000015], [641735.8728999998, 21227.933800000697], [642024.8202999998, 21131.65960000083], [642345.0526999999, 20916.316899999976]]], [[[642734.8514, 20989.575200000778], [642731.9715, 20989.025200000033], [642507.6002000002, 21129.859799999744], [642507.0001999997, 21132.599600000307], [642569.4677999998, 21228.57589999959], [642572.2176999999, 21229.13590000011], [642653.3245000001, 21174.50799999945], [642653.3844999997, 21174.468000000343], [642799.2188999997, 21081.30159999989], [642799.7287999997, 21078.61170000024], [642734.8514, 20989.575200000778]]], [[[642492.9208000004, 21119.44019999914], [642432.1231000004, 21044.093100000173], [642240.4305999996, 21159.088600000367], [642318.4276, 21236.435599999502], [642427.4833000004, 21152.48890000023], [642492.9208000004, 21119.44019999914]]], [[[643444.8236999996, 21053.822699999437], [643433.8042000001, 21053.822699999437], [643426.1244999999, 21056.142599999905], [643408.5351, 21071.512000000104], [643399.2955, 21076.59180000052], [643380.2662000004, 21091.3013000004], [643364.4568999996, 21104.45069999993], [643351.5473999996, 21110.20050000027], [643335.6279999996, 21119.480200000107], [643328.7282999996, 21128.219799999148], [643305.6891000001, 21144.689200000837], [643265.7307000002, 21171.438100000843], [643261.3809000002, 21177.517899999395], [643262.6107999999, 21180.837799999863], [643270.9605, 21190.8973999992], [643281.9801000003, 21208.156700000167], [643293.1096000001, 21228.715900000185], [643296.6595000001, 21238.105499999598], [643305.1191999996, 21247.175200000405], [643323.0384999998, 21262.664599999785], [643328.6083000004, 21263.984500000253], [643330.9482000005, 21264.544500000775], [643340.2878, 21259.12470000051], [643362.4468999999, 21242.31540000066], [643390.4957999997, 21221.526200000197], [643406.0751999998, 21213.79649999924], [643424.8844999997, 21199.42699999921], [643453.4934, 21177.427899999544], [643487.3321000002, 21151.008899999782], [643496.9017000003, 21146.259099999443], [643500.9116000002, 21141.499299999326], [643502.4715, 21136.52950000018], [643494.0118000004, 21119.950099999085], [643481.4323000005, 21098.930999999866], [643469.7527999999, 21080.911699999124], [643454.2834000001, 21054.15269999951], [643444.8236999996, 21053.822699999437]]], [[[643876.5669, 21053.412699999288], [643871.3271000003, 21050.31279999949], [643865.8773999996, 21050.862800000235], [643858.4276, 21052.97269999981], [643830.0387000004, 21074.971899999306], [643793.1902000001, 21098.95099999942], [643773.1610000003, 21112.990399999544], [643759.0214999998, 21125.049900000915], [643738.9923, 21138.64939999953], [643718.7330999998, 21149.14900000021], [643698.6939000003, 21163.50840000063], [643688.1243000003, 21176.667899999768], [643690.0142000001, 21185.18759999983], [643712.0433, 21218.896299999207], [643740.2022000002, 21257.05480000004], [643748.1019000001, 21264.014499999583], [643751.3417999996, 21266.234400000423], [643763.9112999998, 21268.33440000005], [643779.9407000002, 21261.254599999636], [643805.2096999995, 21243.115299999714], [643813.1094000004, 21235.935599999502], [643855.6277000001, 21210.73660000041], [643874.9970000004, 21197.917099999264], [643890.1264000004, 21185.52759999968], [643898.7061000001, 21181.987700000405], [643924.8651, 21167.28830000013], [643935.9945999999, 21151.928899999708], [643944.3542999998, 21141.979299999774], [643944.9042999996, 21136.77950000018], [643933.7647000002, 21120.75009999983], [643903.1659000004, 21084.591499999166], [643889.5864000004, 21068.012199999765], [643884.6865999997, 21062.482400000095], [643876.5669, 21053.412699999288]]], [[[642500.5204999996, 21146.61910000071], [642488.1809999999, 21145.849099999294], [642483.9411000004, 21146.17909999937], [642470.1416999996, 21154.688799999654], [642448.4325000001, 21167.618300000206], [642436.2029999997, 21173.917999999598], [642415.9337999998, 21189.177400000393], [642414.7138, 21194.93720000051], [642410.034, 21208.976700000465], [642407.9140999997, 21215.596400000155], [642399.0143999998, 21227.096000000834], [642383.7649999997, 21240.145500000566], [642365.8356999997, 21250.645099999383], [642366.7257000003, 21260.924699999392], [642369.6255999999, 21279.373900000006], [642371.0755000003, 21290.333499999717], [642375.7452999996, 21297.303200000897], [642380.8750999998, 21309.13279999979], [642387.7648999998, 21315.762499999255], [642388.7648, 21316.762499999255], [642391.1047, 21316.982499999925], [642401.0044, 21315.212500000373], [642418.5937000001, 21312.452600000426], [642430.0532, 21309.572799999267], [642438.8529000003, 21306.262900000438], [642449.2024999997, 21303.833000000566], [642471.9116000002, 21296.093299999833], [642474.0214999998, 21292.44339999929], [642476.0313999997, 21285.36370000057], [642479.1413000003, 21280.723899999633], [642485.0510999998, 21280.283900000155], [642494.0607000003, 21277.73399999924], [642502.9704, 21273.65420000069], [642511.5301000001, 21264.36449999921], [642525.7795000002, 21254.304899999872], [642538.1390000004, 21246.12519999966], [642547.4886999996, 21241.25540000014], [642556.7282999996, 21234.515699999407], [642557.0582999997, 21229.425899999216], [642550.1584999999, 21212.85649999976], [642535.7991000004, 21195.707200000063], [642530.2392999995, 21187.417500000447], [642524.4594999999, 21176.028000000864], [642514.4398999996, 21158.008700000122], [642510.2100999998, 21153.14880000055], [642505.4203000003, 21147.61910000071], [642500.5204999996, 21146.61910000071]]], [[[643192.0536000002, 21096.35109999962], [643188.1536999997, 21096.251099999994], [643181.1440000003, 21098.241000000387], [643172.9042999996, 21106.980599999428], [643160.5448000003, 21111.840500000864], [643148.0853000004, 21120.13010000065], [643132.1659000004, 21129.419800000265], [643121.8163000001, 21133.949599999934], [643107.5768999998, 21144.019200000912], [643093.4374000002, 21157.938699999824], [643070.7383000003, 21179.827800000086], [643036.4396000002, 21218.186300000176], [643029.4298999999, 21227.91589999944], [643015.5104, 21238.305500000715], [642999.4911000002, 21251.355000000447], [642991.4714000002, 21256.004799999297], [642987.1315000001, 21260.974700000137], [642976.3320000004, 21267.27439999953], [642980.1217999998, 21279.103900000453], [642994.8011999996, 21291.923399999738], [643015.8304000003, 21309.292799999937], [643025.9699999997, 21316.25249999948], [643048.2292, 21331.631899999455], [643050.5691, 21331.061899999157], [643063.0285999998, 21318.47240000032], [643083.4078000002, 21303.32300000079], [643089.4176000003, 21299.453199999407], [643103.557, 21288.283600000665], [643120.2463999996, 21275.474099999294], [643129.4859999996, 21267.95439999923], [643159.7648, 21240.53539999947], [643167.5645000003, 21235.335699999705], [643179.2440999998, 21230.805800000206], [643183.8038999997, 21224.1660999991], [643226.5422, 21193.77730000019], [643228.0022, 21190.567399999127], [643221.4223999996, 21166.238299999386], [643218.7525000004, 21159.60859999992], [643214.5327000003, 21150.10899999924], [643207.9630000005, 21125.33990000002], [643203.1831, 21112.400399999693], [643199.0632999996, 21104.32069999911], [643195.1634999998, 21100.79089999944], [643192.0536000002, 21096.35109999962]]], [[[642773.4398999996, 21135.36950000003], [642767.1001000004, 21135.36950000003], [642744.0609999998, 21137.579500000924], [642737.8212000001, 21140.009400000796], [642727.1416999996, 21146.089099999517], [642718.7819999997, 21152.60889999941], [642696.6327999998, 21163.10850000009], [642673.3738000002, 21173.498099999502], [642655.2345000003, 21181.34779999964], [642639.3051000005, 21186.987500000745], [642624.5056999996, 21195.05719999969], [642591.5669, 21218.596300000325], [642582.9873000002, 21226.00599999912], [642578.8773999996, 21230.205800000578], [642576.0875000004, 21238.16550000012], [642590.227, 21266.58440000005], [642636.7451999998, 21335.691700000316], [642647.0948000001, 21342.98149999976], [642647.9846999999, 21344.191400000826], [642651.0946000004, 21342.43150000088], [642659.1042999998, 21337.68170000054], [642666.2539999997, 21329.721999999136], [642679.1535, 21321.43229999952], [642687.8332000002, 21314.462600000203], [642714.7720999997, 21299.423200000077], [642742.4811000004, 21285.383700000122], [642752.2807, 21279.413899999112], [642780.6595999999, 21249.015100000426], [642791.9090999998, 21233.645700000226], [642799.6988000004, 21203.246899999678], [642792.1391000003, 21164.438400000334], [642787.6892999997, 21149.29900000058], [642778.5597000001, 21140.77930000052], [642773.4398999996, 21135.36950000003]]], [[[644445.6480999999, 21186.8992999997], [644416.7098000003, 21180.92689999938], [644413.0356999999, 21195.29920000024], [644417.8207999999, 21207.35050000064], [644423.9408999998, 21227.693700000644], [644427.5012999997, 21244.498900000006], [644434.7353999997, 21252.90190000087], [644483.0403000005, 21261.308100000024], [644535.0175999999, 21278.11690000072], [644605.0251000002, 21305.651399999857], [644664.2363, 21333.29560000077], [644727.0086000003, 21369.231899999082], [644751.1607999997, 21376.530700000003], [644758.3963000001, 21365.696499999613], [644769.3070999999, 21326.11730000004], [644771.7570000002, 21309.3125], [644764.4133000001, 21279.35060000047], [644763.3010999998, 21268.515699999407], [644746.3842000002, 21252.925599999726], [644627.9603000004, 21218.090600000694], [644570.0838000001, 21202.49750000052], [644527.7892000005, 21195.307900000364], [644445.6480999999, 21186.8992999997]]], [[[642382.5294000003, 21347.495100000873], [642360.6039000005, 21333.673699999228], [642338.6792000001, 21309.90210000053], [642308.8519000001, 21286.13000000082], [642274.9083000002, 21238.69810000062], [642250.9819, 21191.156500000507], [642209.2487000003, 21121.833699999377], [642173.2997000003, 21100.161699999124], [642121.5428999998, 21117.957699999213], [642077.6889000004, 21129.784099999815], [642029.9391000001, 21145.59029999934], [641966.1604000004, 21181.18510000035], [641906.3894999996, 21202.960500000045], [641842.6118000001, 21224.735600000247], [641798.7570000002, 21248.502199999988], [641713.1606999999, 21315.825400000438], [641725.068, 21343.465600000694], [641800.7532000002, 21345.46130000055], [641900.3687000005, 21343.478800000623], [641938.2101999996, 21359.291400000453], [642023.9101999998, 21395.00789999962], [642065.7586000003, 21410.8208000008], [642093.5843000002, 21408.832900000736], [642189.3049999997, 21396.899900000542], [642223.1419000002, 21383.082699999213], [642258.9819999998, 21373.245699999854], [642294.8222000003, 21361.308199999854], [642330.6617999999, 21357.441400000826], [642382.5294000003, 21347.495100000873]]], [[[643259.051, 21184.047599999234], [643257.051, 21182.717700000852], [643247.7013999997, 21187.587500000373], [643222.8924000002, 21203.39690000005], [643218.0725999996, 21207.816700000316], [643209.6228999998, 21212.67650000006], [643204.0630999999, 21215.776399999857], [643174.1243000003, 21238.215500000864], [643157.5349000003, 21250.265100000426], [643147.9653000003, 21260.65469999984], [643114.9066000003, 21285.633700000122], [643094.3074000003, 21302.113099999726], [643073.9282, 21321.792300000787], [643083.0678000003, 21337.27170000039], [643115.4466000004, 21386.579800000414], [643128.8059999999, 21410.008899999782], [643129.1359999999, 21411.338800000027], [643140.1656, 21404.819099999964], [643156.5250000004, 21390.789599999785], [643183.0138999997, 21372.980299999937], [643216.4025999997, 21353.08110000007], [643235.3318999996, 21340.151599999517], [643256.8010999998, 21323.132200000808], [643282.0800999999, 21304.772900000215], [643301.5592999998, 21289.183599999174], [643307.6791000003, 21281.993799999356], [643309.909, 21277.684000000358], [643308.5690000001, 21270.284299999475], [643299.8893999998, 21253.03500000015], [643286.5399000002, 21226.82599999942], [643272.8503999999, 21201.517000000924], [643264.5007999996, 21192.007300000638], [643259.051, 21184.047599999234]]], [[[643586.1582000004, 21252.175000000745], [643582.4884000001, 21250.075099999085], [643575.1387, 21250.62509999983], [643562.4491999997, 21264.11449999921], [643544.6498999996, 21273.184200000018], [643496.8916999996, 21303.13299999945], [643435.7840999998, 21341.821499999613], [643419.5346999997, 21349.89120000042], [643416.0849000001, 21358.960799999535], [643408.0751999998, 21363.160700000823], [643406.1752000004, 21363.82069999911], [643390.7057999996, 21376.980100000277], [643391.3757999996, 21381.849899999797], [643407.7352, 21404.949100000784], [643424.8645000001, 21428.498099999502], [643440.0038999999, 21455.157099999487], [643443.7938000001, 21466.30670000054], [643446.9137000004, 21466.42669999972], [643457.3631999996, 21463.106799999252], [643464.4929999998, 21457.037000000477], [643474.9526000004, 21446.30739999935], [643495.8816999998, 21433.37790000066], [643530.9403999997, 21412.14880000055], [643540.4100000001, 21408.498900000006], [643550.5296, 21405.508999999613], [643577.9186000004, 21390.819599999115], [643594.4978999998, 21381.199999999255], [643621.2169000003, 21364.500600000843], [643634.5663999999, 21352.67109999992], [643643.9160000002, 21338.851600000635], [643647.1558999997, 21332.89189999923], [643647.9258000003, 21331.011900000274], [643641.9360999996, 21316.19250000082], [643624.8866999997, 21292.523399999365], [643612.2072000001, 21281.02390000038], [643603.0776000004, 21270.094299999997], [643599.5176999997, 21263.344599999487], [643586.1582000004, 21252.175000000745]]], [[[643497.7917, 21296.723300000653], [643516.5909000002, 21283.23379999958], [643547.3196999999, 21263.784499999136], [643559.3393000001, 21254.384899999946], [643569.0188999996, 21242.66540000029], [643573.5887000002, 21233.59569999948], [643571.4687999999, 21226.95600000024], [643558.0093, 21205.96680000052], [643547.9896999998, 21193.577299999073], [643541.54, 21186.387599999085], [643530.0703999996, 21172.678099999204], [643516.1610000003, 21152.44889999926], [643511.3711000001, 21148.469000000507], [643504.2514000004, 21148.688999999315], [643492.5619000001, 21154.10879999958], [643425.1045000004, 21208.166699999943], [643406.2951999996, 21220.42620000057], [643374.5765000004, 21242.425400000066], [643345.0776000004, 21264.324500000104], [643331.1582000004, 21274.824100000784], [643327.8183000004, 21278.684000000358], [643328.0482999999, 21285.98369999975], [643321.7084999997, 21284.873700000346], [643297.2094999999, 21301.903100000694], [643268.5005999999, 21320.142400000244], [643258.9309999999, 21328.77199999988], [643241.2216999996, 21344.471400000155], [643210.1728999997, 21362.800699999556], [643189.6936999997, 21375.97020000033], [643160.5347999996, 21394.319499999285], [643146.3953, 21408.138900000602], [643134.9258000003, 21420.40839999914], [643149.8452000003, 21449.707299999893], [643166.6446000002, 21475.246300000697], [643185.1238000002, 21496.25549999997], [643198.3633000003, 21509.525000000373], [643211.9428000003, 21499.905400000513], [643236.4318000004, 21480.776100000367], [643250.5713, 21473.156400000677], [643265.4807000002, 21464.526699999347], [643276.5003000004, 21456.58699999936], [643289.9698000001, 21447.957399999723], [643309.5590000004, 21428.15809999965], [643330.2681999998, 21414.228700000793], [643386.2460000003, 21373.110300000757], [643399.3854999999, 21361.930700000376], [643408.1752000004, 21356.520899999887], [643421.2046999997, 21343.92139999941], [643433.5542000001, 21334.86180000007], [643462.0531000001, 21319.602399999276], [643484.3121999996, 21303.35300000012], [643497.7917, 21296.723300000653]]], [[[642635.7451999998, 21352.491100000218], [642631.1853999998, 21352.151100000367], [642628.1754999999, 21352.931099999696], [642601.3465999998, 21370.730399999768], [642591.6668999996, 21381.11999999918], [642576.8574999999, 21390.189600000158], [642567.7279000003, 21394.389499999583], [642547.2587000001, 21409.638900000602], [642541.7988999998, 21413.838700000197], [642532.4491999997, 21419.368499999866], [642526.9895000001, 21420.47839999944], [642523.9995999997, 21422.90839999914], [642522.9896, 21427.768200000748], [642527.9894000003, 21441.81760000065], [642529.1094000004, 21448.99730000086], [642527.7693999996, 21464.916699999943], [642550.1286000004, 21515.704700000584], [642555.2583999997, 21515.15479999967], [642683.1534000002, 21427.00819999911], [642677.1436000001, 21417.498600000516], [642670.6838999996, 21406.54900000058], [642659.7742999997, 21392.849500000477], [642650.2147000004, 21379.359999999404], [642638.3051000005, 21354.92100000009], [642635.7451999998, 21352.491100000218]]], [[[642930.1437999997, 21302.31299999915], [642921.9040999999, 21301.32310000062], [642902.8748000003, 21305.19290000014], [642861.7964000003, 21316.462500000373], [642799.9188000001, 21359.13079999946], [642745.1509999996, 21400.919199999422], [642734.0114000002, 21417.058599999174], [642726.4417000003, 21432.868000000715], [642721.1019000001, 21447.02740000002], [642722.8918000003, 21454.877100000158], [642750.6907000002, 21503.96519999951], [642767.9501, 21524.96440000087], [642771.6299, 21524.634400000796], [642798.1189000001, 21507.824999999255], [642834.9574999996, 21484.72589999996], [642842.3071999997, 21478.096200000495], [642879.5957000004, 21458.86700000055], [642888.8354000002, 21452.017200000584], [642897.9649999999, 21443.27759999968], [642922.6741000004, 21431.337999999523], [642943.3732000003, 21414.41870000027], [642950.7230000002, 21404.249099999666], [642976.5520000001, 21382.259899999946], [642980.3317999998, 21378.170099999756], [642982.7817000002, 21375.63020000048], [642983.1117000002, 21370.870400000364], [642983.1117000002, 21366.110600000247], [642974.5420000004, 21359.590800000355], [642957.9627, 21339.901599999517], [642930.1437999997, 21302.31299999915]]], [[[642948.5930000003, 21550.523399999365], [642980.2117999997, 21529.184200000018], [643020.4901999999, 21503.655200000852], [643063.6886, 21470.036499999464], [643058.9088000003, 21459.106899999082], [643046.5691999998, 21435.87780000083], [643043.2193999998, 21430.128100000322], [643027.9699999997, 21417.968499999493], [643012.2706000004, 21399.719299999997], [643002.9309, 21390.319599999115], [643000.3609999996, 21386.019799999893], [642997.3611000003, 21379.050100000575], [642995.0111999996, 21379.050100000575], [642993.1312999995, 21386.349799999967], [642988.7814999996, 21390.219599999487], [642958.8426000001, 21415.1986999996], [642931.1337000001, 21444.607499999925], [642889.2753999997, 21475.666300000623], [642881.2657000003, 21484.625900000334], [642878.3757999996, 21487.605799999088], [642879.4757000003, 21498.21539999917], [642896.0651000002, 21532.824100000784], [642900.6349, 21540.89379999973], [642902.7448000005, 21543.443700000644], [642908.5345999999, 21542.783700000495], [642916.2043000003, 21551.403400000185], [642928.3437999999, 21558.043099999428], [642948.5930000003, 21550.523399999365]]], [[[643664.6251999997, 21343.501399999484], [643659.7253999999, 21340.73149999976], [643651.8256999999, 21342.17149999924], [643643.1459999997, 21348.911199999973], [643632.0164999999, 21361.190799999982], [643620.6568999998, 21370.810399999842], [643587.7082000002, 21390.599600000307], [643564.3391000004, 21403.189099999145], [643540.7300000004, 21413.028699999675], [643529.3704000004, 21419.32850000076], [643517.3608999997, 21425.968200000003], [643500.6616000002, 21436.68779999949], [643495.2117999997, 21443.337600000203], [643483.5322000002, 21451.507200000808], [643474.2825999996, 21456.596999999136], [643456.4732999997, 21468.526599999517], [643461.4830999998, 21477.7061999999], [643467.7227999996, 21482.126000000164], [643490.2019999996, 21494.735600000247], [643494.4418000001, 21496.50549999997], [643506.4512999998, 21512.09490000084], [643512.5711000003, 21522.034499999136], [643517.6908999998, 21530.77419999987], [643525.6005999995, 21543.26369999908], [643534.2703, 21560.292999999598], [643566.0990000004, 21544.383600000292], [643596.9478000002, 21530.89409999922], [643614.5270999996, 21520.05460000038], [643624.6567000002, 21511.99489999935], [643632.9963999996, 21510.224999999627], [643650.8057000004, 21497.2854999993], [643659.2753999997, 21492.7555999998], [643666.0551000005, 21490.985700000077], [643679.0745999999, 21480.486099999398], [643702.1237000003, 21461.246899999678], [643713.8132999996, 21454.067099999636], [643725.2728000004, 21448.09740000032], [643729.8426000001, 21443.56750000082], [643732.6224999996, 21437.147800000384], [643731.5026000002, 21430.50809999928], [643718.4830999998, 21409.618899999186], [643708.8035000004, 21395.469399999827], [643698.7839000002, 21383.5298999995], [643686.3243000004, 21370.260399999097], [643679.7646000003, 21360.180800000206], [643670.0750000002, 21351.01109999977], [643668.1849999996, 21349.80120000057], [643664.6251999997, 21343.501399999484]]], [[[643389.0358999996, 21384.949799999595], [643385.9160000002, 21382.83990000002], [643359.6469999999, 21400.409199999645], [643292.0897000004, 21448.617399999872], [643284.29, 21457.006999999285], [643276.1703000003, 21463.536800000817], [643263.3707999997, 21471.166500000283], [643252.3512000004, 21478.01620000042], [643227.7522, 21498.585400000215], [643218.2825999996, 21502.675200000405], [643207.1529999999, 21511.4048999995], [643199.7033000002, 21519.364600000903], [643250.5613000002, 21600.741399999708], [643258.2309999997, 21609.251099999994], [643263.5807999996, 21611.360999999568], [643287.6199000003, 21591.8917999994], [643308.9989999998, 21575.982400000095], [643316.8986999998, 21568.022700000554], [643327.1283, 21560.7229999993], [643339.3877999997, 21548.23350000009], [643358.1870999997, 21534.74400000088], [643381.1261999998, 21520.58459999971], [643392.7958000004, 21512.644899999723], [643410.7251000004, 21500.03529999964], [643427.6443999996, 21484.775900000706], [643437.6639999999, 21472.616399999708], [643438.1140000001, 21467.08660000004], [643435.7741, 21457.697000000626], [643429.0943, 21445.087500000373], [643422.1946, 21433.47790000029], [643414.5148999998, 21422.308399999514], [643409.9550999999, 21418.10850000009], [643405.3953, 21412.468800000846], [643389.0358999996, 21384.949799999595]]], [[[644469.7945999997, 21269.70949999988], [644434.7346999999, 21262.520500000566], [644428.7241000002, 21264.84180000052], [644432.3957000002, 21282.863099999726], [644445.6349999998, 21359.702400000766], [644450.4194999998, 21378.82939999923], [644468.5585000003, 21423.275299999863], [644490.2599999998, 21457.992399999872], [644510.8486000001, 21489.17149999924], [644530.1021999996, 21513.164200000465], [644541.0080000004, 21538.37250000052], [644547.0165999997, 21561.148000000045], [644580.8520999998, 21569.553099999204], [644606.2286, 21577.957499999553], [644632.8295999998, 21582.824100000784], [644653.3093999997, 21582.82569999993], [644672.6755999997, 21590.01349999942], [644694.3790999996, 21598.417700000107], [644712.5208999999, 21606.821499999613], [644749.9173999997, 21623.629399999976], [644760.8256999999, 21616.443900000304], [644771.7346999999, 21599.639799999073], [644770.5125000002, 21572.0], [644771.7390000001, 21544.471000000834], [644772.8558999998, 21494.056299999356], [644768.0718999999, 21467.632400000468], [644754.8291999996, 21436.45380000025], [644751.1579999998, 21413.678400000557], [644734.2412, 21396.87219999917], [644708.8652999997, 21380.06530000083], [644683.6007000003, 21364.474600000307], [644665.4590999996, 21353.63849999942], [644620.7171, 21328.5382000003], [644589.3309000004, 21312.83650000021], [644555.4955000002, 21302.109699999914], [644521.7717000004, 21288.84009999968], [644469.7945999997, 21269.70949999988]]], [[[642698.1928000003, 21438.59769999981], [642693.773, 21436.34779999964], [642671.9938000003, 21461.73680000007], [642658.1842999998, 21469.616499999538], [642643.4649, 21480.366100000218], [642628.5455, 21495.925499999896], [642592.8469000002, 21505.81509999931], [642577.6675000004, 21512.884800000116], [642546.6287000002, 21523.894400000572], [642533.2992000002, 21529.514200000092], [642526.6495000003, 21535.123999999836], [642493.0007999996, 21581.002199999988], [642477.4813999999, 21656.789300000295], [642478.0313999997, 21658.449200000614], [642483.5011, 21659.07919999957], [642518.1198000005, 21646.20969999954], [642593.1469, 21609.191099999472], [642631.1754000001, 21591.18180000037], [642696.9928000001, 21561.273000000045], [642728.1516000004, 21543.183700000867], [642756.7304999996, 21529.854199999943], [642756.2005000003, 21524.65440000035], [642698.1928000003, 21438.59769999981]]], [[[643730.6125999996, 21454.387099999934], [643727.0527999997, 21452.297199999914], [643713.1432999996, 21460.02690000087], [643676.1847000001, 21488.88580000028], [643666.0551000005, 21495.855499999598], [643652.8156000003, 21501.485300000757], [643632.8864000002, 21516.524700000882], [643602.7176000001, 21536.303899999708], [643588.8081, 21541.723699999973], [643570.7788000004, 21553.993300000206], [643547.6196999997, 21570.25259999931], [643542.7298999997, 21575.332399999723], [643565.7690000003, 21602.64140000008], [643573.7786999997, 21618.120799999684], [643582.5684000002, 21630.180299999192], [643587.8081999999, 21638.47000000067], [643607.1673999997, 21662.678999999538], [643611.7271999996, 21666.32890000008], [643615.0670999996, 21666.98890000023], [643659.0354000004, 21638.80990000069], [643677.1847000001, 21625.210500000045], [643702.7736999998, 21609.621099999174], [643745.182, 21582.082200000063], [643759.3315000003, 21570.262599999085], [643771.7910000002, 21557.993100000545], [643780.3607000001, 21545.273600000888], [643784.8104999997, 21534.553999999538], [643784.9304999998, 21516.87470000051], [643784.0305000003, 21507.914999999106], [643757.1116000004, 21475.406300000846], [643730.6125999996, 21454.387099999934]]], [[[644609.9005000005, 21592.440999999642], [644555.4740000004, 21582.81819999963], [644557.9220000003, 21591.22079999931], [644563.9309, 21610.34789999947], [644572.3880000003, 21635.555900000036], [644574.8348000003, 21659.547399999574], [644594.1997999996, 21681.218399999663], [644632.8229999999, 21669.170499999076], [644654.5283000004, 21653.583399999887], [644694.3776000002, 21617.544299999252], [644650.9709000001, 21598.414300000295], [644609.9005000005, 21592.440999999642]]], [[[642569.1812000005, 21377.249199999496], [642587.1023000004, 21357.350099999458], [642489.4894000003, 21367.292999999598], [642445.6361999996, 21369.27969999984], [642354.0334999999, 21381.102499999106], [642322.2005000003, 21389.060300000012], [642276.3431000002, 21400.88649999909], [642236.4962999998, 21408.843599999323], [642212.5654999996, 21418.68150000088], [642190.6386000002, 21424.649900000542], [642166.8190000001, 21436.588400000706], [642139.2122, 21451.553099999204], [642232.4665000001, 21709.67100000009], [642300.2507999996, 21693.75579999946], [642367.9238999998, 21675.96120000072], [642433.7045999998, 21662.14650000073], [642475.1941, 21648.27370000072], [642483.5717000002, 21614.610400000587], [642485.5778000001, 21579.01099999994], [642491.4795000004, 21543.411800000817], [642495.4886999996, 21513.7826000005], [642497.4956, 21468.232899999246], [642503.5087000001, 21430.6436999999], [642511.4127000002, 21410.854399999604], [642541.3543999996, 21393.0569000002], [642569.1812000005, 21377.249199999496]]], [[[643459.4831999997, 21482.45600000024], [643447.5735999998, 21474.056399999186], [643444.7937000003, 21475.48630000092], [643434.7741, 21485.215900000185], [643425.5345000001, 21493.515599999577], [643389.6958999997, 21518.83459999971], [643375.5564000001, 21530.5541999992], [643367.5466999998, 21538.17390000075], [643345.2775999997, 21553.53329999931], [643325.6884000003, 21567.69270000048], [643295.8595000003, 21591.8917999994], [643276.6003, 21609.92109999992], [643266.0307, 21618.980699999258], [643265.9106999999, 21623.960500000045], [643283.3899999997, 21654.689300000668], [643296.5195000004, 21671.82870000042], [643305.3092, 21684.438200000674], [643320.3386000004, 21712.737099999562], [643330.5782000003, 21704.09740000032], [643370.9765999997, 21677.368400000036], [643393.7956999997, 21658.669199999422], [643414.2849000003, 21647.849600000307], [643427.1944000004, 21638.570000000298], [643453.6834000004, 21623.420499999076], [643470.3727000002, 21613.690899999812], [643477.3925000001, 21610.591000000015], [643489.2019999996, 21596.001599999145], [643519.1308000004, 21567.81269999966], [643524.5806, 21560.63299999945], [643521.0307999998, 21555.653200000525], [643514.0109999999, 21541.723699999973], [643511.0111999996, 21530.884099999443], [643498.7715999996, 21513.08479999937], [643480.2923999997, 21498.265399999917], [643459.4831999997, 21482.45600000024]]], [[[643078.7180000003, 21501.00530000031], [643074.1582000004, 21491.055700000376], [643069.5883, 21492.8256000001], [643025.4001000002, 21519.24459999986], [643003.8009000001, 21530.844200000167], [642959.1626000004, 21556.053200000897], [642915.2043000003, 21585.781999999657], [642859.7764999997, 21632.66019999981], [642855.4367000004, 21635.650100000203], [642853.2067999998, 21645.36969999969], [642865.1162999999, 21672.908600000665], [642904.9546999997, 21719.886800000444], [642922.0941000003, 21710.93710000068], [642970.4022000004, 21681.7583000008], [642997.1112000002, 21665.39890000038], [643019.9402999999, 21649.469499999657], [643035.0696999999, 21636.769999999553], [643051.6490000002, 21621.390599999577], [643064.2385, 21613.33090000041], [643078.3679999998, 21604.701300000772], [643105.1969999997, 21583.922100000083], [643114.7766000004, 21571.65259999968], [643114.2165999999, 21564.582800000906], [643107.7569000004, 21542.243699999526], [643101.5270999996, 21528.86419999972], [643093.8474000003, 21518.914599999785], [643085.6177000003, 21509.74499999918], [643078.7180000003, 21501.00530000031]]], [[[644410.574, 21366.22269999981], [644396.1059999997, 21348.311100000516], [644375.6294999998, 21305.08110000007], [644337.5690000001, 21248.9151000008], [644304.6202999996, 21204.256899999455], [644263.0018999996, 21143.219200000167], [644161.1759000001, 21020.153999999166], [643842.9381999997, 21235.605599999428], [643765.7012, 21287.45360000059], [643801.9694999997, 21364.960100000724], [643850.2697999999, 21432.183299999684], [643920.2728000004, 21517.318600000814], [644035.0127999997, 21690.13030000031], [644079.6427999996, 21722.52740000002], [644165.4595999997, 21692.572699999437], [644234.2468999997, 21666.15450000018], [644304.2622999996, 21591.754000000656], [644402.1046000002, 21500.661299999803], [644440.8413000004, 21458.6520000007], [644440.8421999998, 21447.817199999467], [644454.0889999997, 21425.043199999258], [644427.4912, 21377.058700000867], [644410.574, 21366.22269999981]], [[644235.1629999997, 21331.511900000274], [644250.7423999999, 21326.302100000903], [644233.6778999995, 21332.659499999136], [644178.2851999998, 21361.890699999407], [644235.1629999997, 21331.511900000274]]], [[[643812.5294000003, 21541.853700000793], [643805.5197000001, 21541.52370000072], [643795.9501, 21544.833599999547], [643775.9108999996, 21560.423000000417], [643755.6516000004, 21580.882200000808], [643727.5926999999, 21600.11150000058], [643686.0843000002, 21626.530400000513], [643649.1257999996, 21651.95940000005], [643625.1967000002, 21667.658800000325], [643625.0866999999, 21671.298699999228], [643634.4364, 21686.78810000047], [643645.0059000002, 21710.327199999243], [643653.6856000004, 21726.14660000056], [643666.4851000002, 21743.055900000036], [643678.1747000003, 21756.105399999768], [643680.9445000002, 21762.745100000873], [643689.5241999999, 21772.794700000435], [643698.9837999996, 21768.59490000084], [643710.5634000003, 21761.75520000048], [643723.8028999995, 21748.485700000077], [643741.5022, 21734.32619999908], [643767.5511999996, 21712.657099999487], [643786.4704, 21696.537699999288], [643814.8592999997, 21676.408500000834], [643855.7077000001, 21650.30949999951], [643877.5268999999, 21637.390000000596], [643880.5268000001, 21631.640200000256], [643882.5367, 21623.780500000343], [643871.6271000002, 21603.771299999207], [643842.5783000002, 21570.712600000203], [643826.2188999997, 21551.253399999812], [643819.8790999996, 21544.283600000665], [643812.5294000003, 21541.853700000793]]], [[[642764.0502000004, 21536.303899999708], [642758.9903999995, 21533.214099999517], [642729.8415999999, 21546.813500000164], [642699.0127999997, 21564.732799999416], [642632.8252999997, 21594.821699999273], [642594.8568000002, 21612.80100000091], [642519.8897000002, 21649.79949999973], [642481.6711999997, 21664.028999999166], [642479.4013, 21669.89870000072], [642479.4013, 21670.13869999908], [642530.7893000003, 21762.81509999931], [642536.6791000003, 21766.765000000596], [642578.0374999996, 21782.374399999157], [642584.7772000004, 21782.734300000593], [642640.875, 21744.34579999931], [642677.7936000004, 21716.406899999827], [642713.8921999997, 21692.337899999693], [642755.8904999997, 21664.338999999687], [642782.7194999997, 21645.92970000021], [642819.1381000001, 21622.47059999965], [642818.4380999999, 21616.97079999931], [642764.0502000004, 21536.303899999708]]], [[[644368.3642999995, 21701.54360000044], [644408.2112999996, 21695.576600000262], [644439.5987, 21695.57899999991], [644502.3738000002, 21693.151599999517], [644532.5371000003, 21691.93779999949], [644554.2412, 21691.939500000328], [644573.6085000001, 21684.754699999467], [644554.3557000002, 21651.143300000578], [644550.6840000004, 21634.338099999353], [644539.7790000001, 21598.405700000003], [644528.9844000004, 21575.629799999297], [644520.5266000004, 21558.824200000614], [644518.0793000003, 21542.01909999922], [644507.1732999999, 21519.243200000376], [644487.9205, 21485.631899999455], [644479.4622999998, 21474.79649999924], [644469.7805000003, 21454.452999999747], [644322.4040000001, 21599.605100000277], [644300.6986999996, 21616.40829999931], [644257.1753000002, 21666.70910000056], [644234.2456999999, 21682.29600000009], [644202.8569999998, 21697.882400000468], [644224.5592, 21723.091399999335], [644246.3716000002, 21761.456900000572], [644262.0635000002, 21784.343699999154], [644292.2264999999, 21785.451700000092], [644305.4719000002, 21781.914799999446], [644310.3711000001, 21757.92400000058], [644322.3940000003, 21729.17970000021], [644339.3129000003, 21718.346300000325], [644368.3642999995, 21701.54360000044]]], [[[643486.5021000002, 21754.32550000027], [643539.71, 21718.946799999103], [643596.9277999997, 21680.918299999088], [643605.3775000004, 21673.508600000292], [643599.8176999995, 21664.888900000602], [643584.1183000002, 21640.349899999797], [643571.5488, 21625.640499999747], [643560.5291999998, 21604.96130000055], [643540.1699999999, 21584.392100000754], [643505.4413999999, 21601.971400000155], [643476.2824999997, 21626.300400000066], [643428.3043999998, 21660.89910000004], [643402.4853999997, 21675.048499999568], [643380.4362000003, 21686.548100000247], [643358.1870999997, 21698.59759999998], [643345.0376000004, 21707.537299999967], [643340.6978000002, 21714.947000000626], [643340.6978000002, 21720.80680000037], [643343.7077000001, 21726.446499999613], [643345.4775999999, 21728.88639999926], [643346.2675999999, 21728.88639999926], [643349.0475000003, 21727.88649999909], [643352.2773000002, 21726.11659999937], [643354.7271999996, 21726.11659999937], [643359.9570000004, 21729.98640000075], [643399.3655000003, 21796.77380000055], [643404.1353000002, 21805.95340000093], [643444.2138, 21785.164300000295], [643486.5021000002, 21754.32550000027]]], [[[641823.6897, 21808.588999999687], [641887.3552999999, 21796.653699999675], [641927.2015000004, 21796.656700000167], [642005.0009000003, 21806.612900000066], [642048.7426000005, 21806.616200000048], [642084.6937999995, 21798.658800000325], [642156.3733999999, 21784.844599999487], [642212.1382999998, 21753.118799999356], [642228.0571999997, 21717.520400000736], [642134.4721999997, 21452.395899999887], [641975.0913000004, 21402.854000000283], [641919.3309000004, 21377.20050000027], [641870.5800999999, 21383.166899999604], [641740.0104, 21547.335100000724], [641731.9895000001, 21642.303400000557], [641773.8315000003, 21741.2555999998], [641823.6897, 21808.588999999687]]], [[[643110.6467000004, 21603.061300000176], [643108.0867999997, 21601.17139999941], [643103.5269999998, 21602.05140000023], [643077.4780000001, 21616.090800000355], [643066.0185000002, 21626.94040000066], [643055.8888999997, 21633.56020000018], [643029.6199000003, 21656.109300000593], [643004.1309000002, 21674.128599999472], [642963.5025000004, 21702.107499999925], [642919.4242000002, 21734.156199999154], [642917.8641999997, 21738.13609999977], [642929.5438000001, 21767.764900000766], [642950.693, 21803.26359999925], [642962.1524999999, 21818.742900000885], [642969.2721999995, 21822.392799999565], [642973.0620999997, 21822.72279999964], [642977.5119000003, 21821.842800000682], [642997.2111999998, 21808.01339999959], [643026.7199999997, 21785.464199999347], [643048.8690999998, 21772.30480000004], [643069.7982999999, 21760.045199999586], [643087.2675999999, 21747.88570000045], [643100.2971000001, 21734.056199999526], [643127.3361, 21715.156999999657], [643140.0256000003, 21706.857300000265], [643159.0648999996, 21688.40799999982], [643165.0745999999, 21680.88829999976], [643165.0745999999, 21676.688500000164], [643162.6246999996, 21667.94879999943], [643147.6152999997, 21646.389699999243], [643124.5662000002, 21619.410700000823], [643110.6467000004, 21603.061300000176]]], [[[642826.2577999998, 21628.580299999565], [642821.3679999998, 21625.79050000012], [642784.9894000003, 21649.229499999434], [642758.1105000004, 21667.6688000001], [642716.1120999996, 21695.667700000107], [642680.2034999998, 21719.596799999475], [642643.1249000002, 21747.645700000226], [642587.8170999996, 21785.504200000316], [642587.5771000003, 21791.563999999315], [642619.9658000004, 21874.210799999535], [642620.2658000002, 21874.45079999976], [642626.2655999996, 21876.63069999963], [642675.1036999999, 21852.21160000004], [642749.2507999996, 21822.142799999565], [642802.0186999999, 21792.264000000432], [642828.5176999997, 21762.6651000008], [642828.7276999997, 21762.425100000575], [642874.0658999998, 21703.74740000069], [642872.8159999996, 21697.647700000554], [642826.2577999998, 21628.580299999565]]], [[[643613.9572000001, 21675.72849999927], [643609.9473000001, 21675.398499999195], [643594.3579000002, 21687.778000000864], [643557.7392999995, 21717.286900000647], [643521.5707, 21739.846000000834], [643480.7122999998, 21767.15499999933], [643457.3432, 21784.504300000146], [643446.5437000003, 21793.45390000008], [643433.1842, 21801.86360000074], [643417.1547999997, 21810.153300000355], [643412.5949999997, 21813.91310000047], [643412.1550000003, 21817.343000000343], [643424.0645000003, 21837.012199999765], [643430.1743000001, 21857.251399999484], [643451.2134999996, 21876.490700000897], [643461.6831, 21891.960100000724], [643488.8320000004, 21888.200200000778], [643534.4802000001, 21871.63089999929], [643543.0399000002, 21864.441199999303], [643601.5876000002, 21831.492499999702], [643637.0963000003, 21813.153200000525], [643655.5654999996, 21797.23379999958], [643673.3748000003, 21783.754300000146], [643682.2845000001, 21774.78470000066], [643678.5045999996, 21763.515100000426], [643671.4949000003, 21755.44539999962], [643663.0351999998, 21745.715800000355], [643653.2456, 21733.1063000001], [643640.7761000004, 21712.537100000307], [643635.8762999997, 21699.607599999756], [643619.8569, 21679.938300000504], [643613.9572000001, 21675.72849999927]]], [[[643181.6540000001, 21695.487700000405], [643172.1942999996, 21692.827800000086], [643164.6245999997, 21692.93779999949], [643148.8252999997, 21708.407199999318], [643124.7762000002, 21731.846300000325], [643077.358, 21765.675000000745], [643048.5291999998, 21781.044399999082], [643029.1699000001, 21791.213999999687], [643007.9007000001, 21810.123299999163], [642998.7710999995, 21822.50280000083], [642988.5314999996, 21849.36180000007], [642987.8614999996, 21856.221499999985], [643023.9200999998, 21905.74960000068], [643048.4091999996, 21909.509400000796], [643061.2087000003, 21910.729399999604], [643066.9983999999, 21910.509400000796], [643074.0082, 21909.289400000125], [643088.1376, 21902.109699999914], [643116.0865000002, 21893.150100000203], [643124.0961999996, 21888.400200000033], [643138.7856000001, 21876.910700000823], [643156.375, 21865.30110000074], [643217.3726000004, 21823.842700000852], [643221.3723999998, 21811.463199999183], [643227.9522000002, 21788.574100000784], [643226.5022, 21778.734500000253], [643217.3826000001, 21747.66569999978], [643207.3629999999, 21727.326500000432], [643192.1135999998, 21701.897500000894], [643181.6540000001, 21695.487700000405]]], [[[642880.7556999996, 21709.417199999094], [642876.4058999997, 21707.227299999446], [642831.4875999996, 21765.335000000894], [642803.9786999999, 21795.743799999356], [642750.7506999997, 21825.85270000063], [642676.8936000001, 21855.791500000283], [642625.4956, 21881.490499999374], [642625.0855999999, 21887.260299999267], [642633.9952999996, 21909.999399999157], [642709.9622999998, 21973.42689999938], [642715.8520999998, 21975.206900000572], [642826.8377999999, 21898.359899999574], [642833.8274999997, 21893.36999999918], [642898.0650000004, 21863.23120000027], [642898.1550000003, 21863.191199999303], [642959.1525999997, 21830.892500000075], [642958.6627000002, 21825.512700000778], [642951.5229000002, 21814.393100000918], [642880.7556999996, 21709.417199999094]]], [[[643702.5437000003, 21795.02390000038], [643691.6341000004, 21783.414300000295], [643669.7149999999, 21796.683800000697], [643644.4359999998, 21813.60309999995], [643613.9472000003, 21830.612500000745], [643595.4678999996, 21841.56210000068], [643560.0692999996, 21864.111199999228], [643517.4309, 21887.32029999979], [643474.2526000002, 21909.769400000572], [643479.3723999998, 21927.23870000057], [643540.9100000001, 22005.2957000006], [643550.0395999998, 22003.1958000008], [643556.8294000002, 21996.346000000834], [643580.8684, 21984.846499999985], [643637.9762000004, 21946.808000000194], [643649.1058, 21937.418299999088], [643670.0250000004, 21914.759199999273], [643692.5241, 21896.069900000468], [643745.392, 21862.471200000495], [643753.1816999996, 21859.48139999993], [643755.6316, 21857.05150000006], [643755.4116000002, 21850.081700000912], [643752.6217999998, 21845.441899999976], [643739.2723000003, 21831.0625], [643727.0328000002, 21822.342800000682], [643714.4532000003, 21805.863399999216], [643702.5437000003, 21795.02390000038]]], [[[643260.0009000003, 21838.212200000882], [643234.7319, 21823.622800000012], [643230.5021000002, 21823.85270000063], [643198.4533000002, 21844.511900000274], [643171.7344000004, 21861.431299999356], [643154.1449999996, 21873.04079999961], [643146.1354, 21880.890499999747], [643138.4556999998, 21887.180299999192], [643121.7562999995, 21895.68999999948], [643103.727, 21901.219699999318], [643068.4384000003, 21916.259199999273], [643054.8689000001, 21919.79900000058], [643046.0692999996, 21923.438899999484], [643043.2794000003, 21928.528699999675], [643041.7293999996, 21933.94849999994], [643044.6193000004, 21943.018100000918], [643056.1989000002, 21957.267599999905], [643062.8786000004, 21960.917400000617], [643076.1080999998, 21977.946799999103], [643084.9077000003, 21995.196100000292], [643107.9468, 22024.054999999702], [643126.0861, 22007.79560000077], [643144.5653999997, 21991.556199999526], [643178.1941, 21966.017200000584], [643202.4431999996, 21948.547900000587], [643219.1425000001, 21935.06839999929], [643225.9323000005, 21927.218699999154], [643244.8614999996, 21888.300200000405], [643252.7611999996, 21871.39090000093], [643258.551, 21860.341299999505], [643261.7808999997, 21849.71169999987], [643260.0009000003, 21838.212200000882]]], [[[643354.4873000002, 21955.417600000277], [643311.3088999996, 21902.899700000882], [643291.2697000001, 21906.98949999921], [643238.4018000001, 21926.10879999958], [643113.7366000004, 22023.50500000082], [643111.1667, 22027.914799999446], [643112.3967000004, 22032.234600000083], [643119.0763999997, 22045.824100000784], [643163.1447000001, 22092.172299999744], [643228.3722000001, 22069.613199999556], [643301.3992999997, 22014.335300000384], [643331.5581, 21992.126199999824], [643352.2673000004, 21970.457000000402], [643354.4873000002, 21955.417600000277]]], [[[643021.0102000004, 21922.568900000304], [642963.5324999997, 21833.0923999995], [642899.8448999999, 21866.811100000516], [642836.1573999999, 21896.629899999127], [642829.1476999996, 21901.629699999467], [642718.5120000001, 21978.226700000465], [642719.1320000002, 21983.876499999315], [642799.2789000003, 22110.89159999974], [642803.2087000003, 22112.96150000021], [642821.3380000005, 22081.87270000018], [642846.6270000003, 22049.514000000432], [642919.8641999997, 22001.355799999088], [643021.6802000003, 21928.228700000793], [643021.0102000004, 21922.568900000304]]], [[[643028.5799000002, 21934.348400000483], [643023.8400999997, 21931.598600000143], [642922.1341000004, 22004.645700000226], [642849.3768999996, 22052.493899999186], [642824.6678999998, 22084.132600000128], [642797.4589, 22130.750800000504], [642798.8589000003, 22137.150599999353], [642835.6774000004, 22195.808299999684], [642841.1672, 22195.148299999535], [642858.8964999998, 22183.35879999958], [642944.8832, 22125.341000000015], [642989.8613999998, 22094.352199999616], [643026.3300000001, 22081.12270000018], [643082.0179000003, 22039.7042999994], [643081.8079000004, 22033.724600000307], [643046.5192, 21962.2173999995], [643028.5799000002, 21934.348400000483]]], [[[643375.9764, 21973.01689999923], [643371.1166000003, 21970.637000000104], [643313.9988000002, 22019.995100000873], [643222.0023999996, 22084.992599999532], [643179.0241, 22105.901799999177], [643176.0142000001, 22110.09160000086], [643253.0312000001, 22213.987600000575], [643258.0410000002, 22216.55749999918], [643433.9142000005, 22092.87230000086], [643436.9040000001, 22087.75249999948], [643389.9959000004, 21991.996200000867], [643375.9764, 21973.01689999923]]], [[[642571.1341000004, 22036.17430000007], [642599.0711000003, 22034.186499999836], [642616.9901999999, 22042.148000000045], [642622.9983999999, 22069.78800000064], [642640.9168999996, 22083.719699999318], [642674.7533, 22077.752199999988], [642702.6907000002, 22071.784199999645], [642718.6069, 22071.7854999993], [642591.0669, 21911.46660000086], [642551.2244999995, 21862.04409999959], [642519.3963000001, 21806.65220000036], [642497.4713000003, 21786.860600000247], [642471.5384, 21778.898499999195], [642419.7823000001, 21786.854699999094], [642401.8602999998, 21816.482799999416], [642377.9285000004, 21840.250900000334], [642344.0902000004, 21871.867799999192], [642320.1582000004, 21897.625900000334], [642292.2202000003, 21913.433499999344], [642274.3004999999, 21913.43209999986], [642222.5464000003, 21895.628399999812], [642198.619, 21862.017000000924], [642152.7658000002, 21818.45370000042], [642110.9157999996, 21824.42060000077], [642083.0902000004, 21824.41850000061], [642047.2504000003, 21832.265300000086], [642013.3037999999, 21824.41310000047], [641981.4714000002, 21824.410700000823], [641881.8567000004, 21816.44290000014], [641835.9999000002, 21820.419399999082], [641816.0745000001, 21852.037399999797], [641812.0662000002, 21869.947399999946], [641824.0823999997, 21927.327700000256], [641851.9014999997, 22010.35859999992], [641923.6815, 22137.063200000674], [641955.5114000002, 22168.68520000018], [641995.3545000004, 22208.267899999395], [642033.1948999995, 22238.01090000011], [642069.0338000003, 22241.993799999356], [642106.9878000002, 22241.996700000018], [642180.6705999998, 22232.052300000563], [642242.4448999995, 22212.267300000414], [642312.1220000004, 22186.512800000608], [642389.8137999997, 22150.919199999422], [642401.8361, 22129.140300000086], [642471.5143999998, 22089.565999999642], [642571.1341000004, 22036.17430000007]]], [[[643092.7973999996, 22042.884199999273], [643088.0776000004, 22040.17430000007], [643027.6799999997, 22084.882600000128], [642992.1314000003, 22097.642100000754], [642947.1231000004, 22128.660900000483], [642860.3265000004, 22186.688599999994], [642826.2378000002, 22210.197699999437], [642827.1478000004, 22215.647500000894], [642904.1348000001, 22320.51339999959], [642909.5745999999, 22319.473500000313], [643077.7680000002, 22189.41850000061], [643146.0253999997, 22135.79059999995], [643145.5054000001, 22129.910800000653], [643117.9965000004, 22082.00269999914], [643092.7973999996, 22042.884199999273]]], [[[643152.4851000002, 22142.10040000081], [643148.0352999996, 22139.300499999896], [643080.2279000003, 22192.56839999929], [642909.9644999998, 22324.23330000043], [642910.9445000002, 22329.78309999965], [642939.0033999998, 22368.001599999145], [643049.6391000003, 22406.180099999532], [643055.5789000001, 22403.510199999437], [643209.2128999997, 22253.745999999344], [643208.6829000004, 22247.566299999133], [643165.0045999996, 22163.99950000085], [643152.4851000002, 22142.10040000081]]], [[[642937.4376999997, 22382.49400000088], [642750.4360999996, 22113.357699999586], [642720.6064999998, 22121.315600000322], [642706.5812999997, 22135.134199999273], [642702.6845000004, 22150.943700000644], [642702.6829000004, 22170.73359999992], [642688.6557, 22210.31220000051], [642680.7527999999, 22216.281700000167], [642656.8198999995, 22253.86950000003], [642636.8948999997, 22277.637900000438], [642608.9556999998, 22307.265200000256], [642591.0345999999, 22325.063699999824], [642591.0332000004, 22342.973999999464], [642599.0451999996, 22364.64399999939], [642616.9641000004, 22374.59559999965], [642630.8753000004, 22394.386600000784], [642620.9682, 22410.19559999928], [642603.0473999996, 22424.013900000602], [642610.9489000002, 22435.954800000414], [642630.8707999997, 22451.76620000042], [642650.7927999999, 22465.587500000373], [642652.7958000004, 22471.557800000533], [642638.8809000002, 22497.316700000316], [642628.8611000003, 22530.925499999896], [642630.8631999996, 22546.735400000587], [642634.8685999997, 22566.525599999353], [642658.7984999996, 22566.52749999985], [642688.6287000002, 22552.710100000724], [642720.5734999999, 22538.892899999395], [642772.3309000004, 22517.11710000038], [642808.1712999996, 22503.189699999988], [642832.1020999998, 22493.351900000125], [642856.0339000002, 22471.57389999926], [642899.8904999997, 22428.017500000075], [642925.7153000003, 22394.40990000032], [642937.4376999997, 22382.49400000088]]]]}}]}